0,1,2
卡斯柏·舒梅切尔,尼斯,work_for
卡斯柏·舒梅切尔,门将,play_the_role_of
卡斯柏·舒梅切尔,丹麦,come_from
奥利弗·克里斯滕森,柏林赫塔,work_for
奥利弗·克里斯滕森,门将,play_the_role_of
奥利弗·克里斯滕森,丹麦,come_from
弗里德里克·劳诺,柏林联盟,work_for
弗里德里克·劳诺,门将,play_the_role_of
弗里德里克·劳诺,丹麦,come_from
西蒙·克亚尔,AC米兰,work_for
西蒙·克亚尔,后卫,play_the_role_of
西蒙·克亚尔,丹麦,come_from
安德烈亚斯·克里斯滕森,巴塞罗那,work_for
安德烈亚斯·克里斯滕森,后卫,play_the_role_of
安德烈亚斯·克里斯滕森,丹麦,come_from
延斯·拉尔森,特拉布宗,work_for
延斯·拉尔森,后卫,play_the_role_of
延斯·拉尔森,丹麦,come_from
丹尼尔·瓦斯,邦比,work_for
丹尼尔·瓦斯,后卫,play_the_role_of
丹尼尔·瓦斯,丹麦,come_from
约阿基姆·梅勒,阿特兰大,work_for
约阿基姆·梅勒,后卫,play_the_role_of
约阿基姆·梅勒,丹麦,come_from
约希姆·安德森,水晶宫,work_for
约希姆·安德森,后卫,play_the_role_of
约希姆·安德森,丹麦,come_from
拉斯姆斯·克里斯滕森,列斯联,work_for
拉斯姆斯·克里斯滕森,后卫,play_the_role_of
拉斯姆斯·克里斯滕森,丹麦,come_from
维克多·尼尔森,加拉塔沙雷,work_for
维克多·尼尔森,后卫,play_the_role_of
维克多·尼尔森,丹麦,come_from
克里斯蒂安·埃里克森,曼联,work_for
克里斯蒂安·埃里克森,中场,play_the_role_of
克里斯蒂安·埃里克森,丹麦,come_from
托马斯·德莱尼,西维尔,work_for
托马斯·德莱尼,中场,play_the_role_of
托马斯·德莱尼,丹麦,come_from
皮埃尔-埃米尔·霍伊别尔,热刺,work_for
皮埃尔-埃米尔·霍伊别尔,中场,play_the_role_of
皮埃尔-埃米尔·霍伊别尔,丹麦,come_from
马蒂亚斯·延森,布伦特福德,work_for
马蒂亚斯·延森,中场,play_the_role_of
马蒂亚斯·延森,丹麦,come_from
克里斯蒂安·诺尔高,布伦特福德,work_for
克里斯蒂安·诺尔高,中场,play_the_role_of
克里斯蒂安·诺尔高,丹麦,come_from
罗伯·斯科夫,霍芬海姆1899,work_for
罗伯·斯科夫,中场,play_the_role_of
罗伯·斯科夫,丹麦,come_from
优素福·波尔森,RB莱比锡,work_for
优素福·波尔森,前锋,play_the_role_of
优素福·波尔森,丹麦,come_from
马丁·布雷思韦特,西班牙人,work_for
马丁·布雷思韦特,前锋,play_the_role_of
马丁·布雷思韦特,丹麦,come_from
卡斯珀·多尔贝尔,西维尔,work_for
卡斯珀·多尔贝尔,前锋,play_the_role_of
卡斯珀·多尔贝尔,丹麦,come_from
安德烈亚斯·斯科夫奥尔森,布鲁日,work_for
安德烈亚斯·斯科夫奥尔森,前锋,play_the_role_of
安德烈亚斯·斯科夫奥尔森,丹麦,come_from
米克尔·达姆斯高,布伦特福德,work_for
米克尔·达姆斯高,前锋,play_the_role_of
米克尔·达姆斯高,丹麦,come_from
乔纳斯·云德,沃尔夫斯堡,work_for
乔纳斯·云德,前锋,play_the_role_of
乔纳斯·云德,丹麦,come_from
安德烈亚斯·科尔内柳斯,哥本哈根,work_for
安德烈亚斯·科尔内柳斯,前锋,play_the_role_of
安德烈亚斯·科尔内柳斯,丹麦,come_from
耶斯佩尔·林斯特伦,法兰克福,work_for
耶斯佩尔·林斯特伦,前锋,play_the_role_of
耶斯佩尔·林斯特伦,丹麦,come_from
川岛永嗣,斯特拉斯堡,work_for
川岛永嗣,门将,play_the_role_of
川岛永嗣,日本,come_from
权田修一,清水心跳,work_for
权田修一,门将,play_the_role_of
权田修一,日本,come_from
丹尼尔·施密特,圣图尔登,work_for
丹尼尔·施密特,门将,play_the_role_of
丹尼尔·施密特,日本,come_from
山根视来,川崎前锋,work_for
山根视来,后卫,play_the_role_of
山根视来,日本,come_from
谷口彰悟,川崎前锋,work_for
谷口彰悟,后卫,play_the_role_of
谷口彰悟,日本,come_from
板仓滉,门兴,work_for
板仓滉,后卫,play_the_role_of
板仓滉,日本,come_from
长友佑都,FC东京,work_for
长友佑都,后卫,play_the_role_of
长友佑都,日本,come_from
富安健洋,阿仙奴,work_for
富安健洋,后卫,play_the_role_of
富安健洋,日本,come_from
酒井宏树,浦和红钻,work_for
酒井宏树,后卫,play_the_role_of
酒井宏树,日本,come_from
吉田麻也,史浩克04,work_for
吉田麻也,后卫,play_the_role_of
吉田麻也,日本,come_from
伊藤洋辉,斯图加特,work_for
伊藤洋辉,后卫,play_the_role_of
伊藤洋辉,日本,come_from
远藤航,斯图加特,work_for
远藤航,中场,play_the_role_of
远藤航,日本,come_from
柴崎岳,雷加利斯,work_for
柴崎岳,中场,play_the_role_of
柴崎岳,日本,come_from
堂安律,弗赖堡,work_for
堂安律,中场,play_the_role_of
堂安律,日本,come_from
三笘薰,白礼顿,work_for
三笘薰,中场,play_the_role_of
三笘薰,日本,come_from
南野拓实,摩纳哥,work_for
南野拓实,中场,play_the_role_of
南野拓实,日本,come_from
久保建英,皇家苏斯达,work_for
久保建英,中场,play_the_role_of
久保建英,日本,come_from
守田英正,士砵亭,work_for
守田英正,中场,play_the_role_of
守田英正,日本,come_from
伊东纯也,兰斯,work_for
伊东纯也,中场,play_the_role_of
伊东纯也,日本,come_from
镰田大地,法兰克福,work_for
镰田大地,中场,play_the_role_of
镰田大地,日本,come_from
田中碧,福尔图娜杜塞尔多夫,work_for
田中碧,中场,play_the_role_of
田中碧,日本,come_from
相马勇纪,名古屋鲸鱼,work_for
相马勇纪,中场,play_the_role_of
相马勇纪,日本,come_from
浅野拓磨,波琴,work_for
浅野拓磨,前锋,play_the_role_of
浅野拓磨,日本,come_from
町野修斗＊,湘南比马,work_for
町野修斗＊,前锋,play_the_role_of
町野修斗＊,日本,come_from
上田绮世,色格拉布鲁日,work_for
上田绮世,前锋,play_the_role_of
上田绮世,日本,come_from
前田大然,些路迪,work_for
前田大然,前锋,play_the_role_of
前田大然,日本,come_from
兰柯·帕斯菲尔,阿贾克斯,work_for
兰柯·帕斯菲尔,门将,play_the_role_of
兰柯·帕斯菲尔,荷兰,come_from
贾斯汀·比加洛,飞燕诺,work_for
贾斯汀·比加洛,门将,play_the_role_of
贾斯汀·比加洛,荷兰,come_from
安德里斯·诺佩尔特,海伦芬,work_for
安德里斯·诺佩尔特,门将,play_the_role_of
安德里斯·诺佩尔特,荷兰,come_from
尤里安·廷贝尔,阿贾克斯,work_for
尤里安·廷贝尔,中后卫,play_the_role_of
尤里安·廷贝尔,荷兰,come_from
马泰斯·德利赫特,拜仁慕尼黑,work_for
马泰斯·德利赫特,中后卫,play_the_role_of
马泰斯·德利赫特,荷兰,come_from
维吉尔·范戴克,利物浦,work_for
维吉尔·范戴克,中后卫,play_the_role_of
维吉尔·范戴克,荷兰,come_from
内森·阿克,曼城,work_for
内森·阿克,中后卫,play_the_role_of
内森·阿克,荷兰,come_from
斯特凡·德弗赖,国际米兰,work_for
斯特凡·德弗赖,中后卫,play_the_role_of
斯特凡·德弗赖,荷兰,come_from
蒂雷尔·马拉西亚,曼联,work_for
蒂雷尔·马拉西亚,左后卫,play_the_role_of
蒂雷尔·马拉西亚,荷兰,come_from
戴利·布林德,阿贾克斯,work_for
戴利·布林德,左后卫,play_the_role_of
戴利·布林德,荷兰,come_from
丹泽尔·邓弗里斯,国际米兰,work_for
丹泽尔·邓弗里斯,右后卫,play_the_role_of
丹泽尔·邓弗里斯,荷兰,come_from
杰瑞米·弗林蓬,勒沃库森,work_for
杰瑞米·弗林蓬,右后卫,play_the_role_of
杰瑞米·弗林蓬,荷兰,come_from
斯蒂文·贝尔黑斯,阿贾克斯,work_for
斯蒂文·贝尔黑斯,攻击中场,play_the_role_of
斯蒂文·贝尔黑斯,荷兰,come_from
戴维·克拉森,阿贾克斯,work_for
戴维·克拉森,攻击中场,play_the_role_of
戴维·克拉森,荷兰,come_from
马特恩·德鲁恩,亚特兰大,work_for
马特恩·德鲁恩,中中场,play_the_role_of
马特恩·德鲁恩,荷兰,come_from
蒂恩·库普梅纳斯,亚特兰大,work_for
蒂恩·库普梅纳斯,中中场,play_the_role_of
蒂恩·库普梅纳斯,荷兰,come_from
弗伦基·德容,巴塞隆拿,work_for
弗伦基·德容,中中场,play_the_role_of
弗伦基·德容,荷兰,come_from
肯内特·泰勒,阿贾克斯,work_for
肯内特·泰勒,中中场,play_the_role_of
肯内特·泰勒,荷兰,come_from
哈维·西蒙斯,PSV燕豪芬,work_for
哈维·西蒙斯,攻击中场,play_the_role_of
哈维·西蒙斯,荷兰,come_from
斯蒂芬·贝尔温,阿贾克斯,work_for
斯蒂芬·贝尔温,右翼,play_the_role_of
斯蒂芬·贝尔温,荷兰,come_from
科迪·哈克波,PSV燕豪芬,work_for
科迪·哈克波,左翼,play_the_role_of
科迪·哈克波,荷兰,come_from
卢克·德容,PSV燕豪芬,work_for
卢克·德容,中锋,play_the_role_of
卢克·德容,荷兰,come_from
孟菲斯·德佩,巴塞隆拿,work_for
孟菲斯·德佩,中锋,play_the_role_of
孟菲斯·德佩,荷兰,come_from
诺亚·朗,布鲁日,work_for
诺亚·朗,左翼,play_the_role_of
诺亚·朗,荷兰,come_from
文森特·扬森 ,安特卫普,work_for
文森特·扬森 ,中锋,play_the_role_of
文森特·扬森 ,荷兰,come_from
沃特·韦霍斯特,贝西克塔什,work_for
沃特·韦霍斯特,中锋,play_the_role_of
沃特·韦霍斯特,荷兰,come_from
伊德里斯·卡文尼,费伦巴治,work_for
伊德里斯·卡文尼,门将,play_the_role_of
伊德里斯·卡文尼,喀麦隆,come_from
翁多阿,奥斯坦德,work_for
翁多阿,门将,play_the_role_of
翁多阿,喀麦隆,come_from
奥拿拿,阿积士,work_for
奥拿拿,门将,play_the_role_of
奥拿拿,喀麦隆,come_from
安布鲁瓦兹·奥永戈,蒙彼利埃,work_for
安布鲁瓦兹·奥永戈,后卫,play_the_role_of
安布鲁瓦兹·奥永戈,喀麦隆,come_from
迈克尔·恩加杜-恩加朱伊,真特,work_for
迈克尔·恩加杜-恩加朱伊,后卫,play_the_role_of
迈克尔·恩加杜-恩加朱伊,喀麦隆,come_from
柯林斯·费,标准列治,work_for
柯林斯·费,后卫,play_the_role_of
柯林斯·费,喀麦隆,come_from
加坦·邦格,白礼顿,work_for
加坦·邦格,后卫,play_the_role_of
加坦·邦格,喀麦隆,come_from
巴纳纳·亚亚,奥林比亚高斯,work_for
巴纳纳·亚亚,后卫,play_the_role_of
巴纳纳·亚亚,喀麦隆,come_from
让-阿梅尔·卡纳-比伊克,加施舒亚,work_for
让-阿梅尔·卡纳-比伊克,后卫,play_the_role_of
让-阿梅尔·卡纳-比伊克,喀麦隆,come_from
约茨金·达瓦,马利乌波尔,work_for
约茨金·达瓦,后卫,play_the_role_of
约茨金·达瓦,喀麦隆,come_from
乔治·曼杰克,布拉格斯巴,work_for
乔治·曼杰克,中场,play_the_role_of
乔治·曼杰克,喀麦隆,come_from
阿诺德·朱姆,拉德,work_for
阿诺德·朱姆,中场,play_the_role_of
阿诺德·朱姆,喀麦隆,come_from
安德列-弗兰克·赞博·安吉萨,维拉利尔,work_for
安德列-弗兰克·赞博·安吉萨,中场,play_the_role_of
安德列-弗兰克·赞博·安吉萨,喀麦隆,come_from
皮埃尔·昆德,美因茨,work_for
皮埃尔·昆德,中场,play_the_role_of
皮埃尔·昆德,喀麦隆,come_from
威尔弗里德·卡普图姆,贝蒂斯,work_for
威尔弗里德·卡普图姆,中场,play_the_role_of
威尔弗里德·卡普图姆,喀麦隆,come_from
莫亭,巴黎圣日耳门,work_for
莫亭,前锋,play_the_role_of
莫亭,喀麦隆,come_from
柯林顿·尼积尔,莫斯科戴拿模,work_for
柯林顿·尼积尔,前锋,play_the_role_of
柯林顿·尼积尔,喀麦隆,come_from
积基斯·苏亚,艾斯特拉,work_for
积基斯·苏亚,前锋,play_the_role_of
积基斯·苏亚,喀麦隆,come_from
克利斯蒂安·巴索戈格,河南建业,work_for
克利斯蒂安·巴索戈格,前锋,play_the_role_of
克利斯蒂安·巴索戈格,喀麦隆,come_from
卡尔·托科·艾卡毕,维拉利尔,work_for
卡尔·托科·艾卡毕,前锋,play_the_role_of
卡尔·托科·艾卡毕,喀麦隆,come_from
斯特凡·巴霍肯,昂热,work_for
斯特凡·巴霍肯,前锋,play_the_role_of
斯特凡·巴霍肯,喀麦隆,come_from
乔尔·塔古乌,马里迪莫,work_for
乔尔·塔古乌,前锋,play_the_role_of
乔尔·塔古乌,喀麦隆,come_from
奥利维尔·布玛律,彭尼奥尼奥斯,work_for
奥利维尔·布玛律,前锋,play_the_role_of
奥利维尔·布玛律,喀麦隆,come_from
皮克福德,爱华顿,work_for
皮克福德,门将,play_the_role_of
皮克福德,英格兰,come_from
尼克·波佩,纽卡素,work_for
尼克·波佩,门将,play_the_role_of
尼克·波佩,英格兰,come_from
阿隆·拉姆斯代尔,阿仙奴,work_for
阿隆·拉姆斯代尔,门将,play_the_role_of
阿隆·拉姆斯代尔,英格兰,come_from
凯尔·沃克,曼城,work_for
凯尔·沃克,后卫,play_the_role_of
凯尔·沃克,英格兰,come_from
卢克·肖,曼联,work_for
卢克·肖,后卫,play_the_role_of
卢克·肖,英格兰,come_from
斯通斯,曼城,work_for
斯通斯,后卫,play_the_role_of
斯通斯,英格兰,come_from
哈里·马奎尔,曼联,work_for
哈里·马奎尔,后卫,play_the_role_of
哈里·马奎尔,英格兰,come_from
特里皮尔,纽卡素,work_for
特里皮尔,后卫,play_the_role_of
特里皮尔,英格兰,come_from
埃里克·戴尔,热刺,work_for
埃里克·戴尔,后卫,play_the_role_of
埃里克·戴尔,英格兰,come_from
科阿迪,埃弗顿,work_for
科阿迪,后卫,play_the_role_of
科阿迪,英格兰,come_from
阿历山大-阿诺特,利物浦,work_for
阿历山大-阿诺特,后卫,play_the_role_of
阿历山大-阿诺特,英格兰,come_from
怀特,阿仙奴,work_for
怀特,后卫,play_the_role_of
怀特,英格兰,come_from
赖斯,韦斯咸,work_for
赖斯,中场,play_the_role_of
赖斯,英格兰,come_from
乔丹·亨德森,利物浦,work_for
乔丹·亨德森,中场,play_the_role_of
乔丹·亨德森,英格兰,come_from
凯尔文·菲利普斯,曼城,work_for
凯尔文·菲利普斯,中场,play_the_role_of
凯尔文·菲利普斯,英格兰,come_from
芒特,车路士,work_for
芒特,中场,play_the_role_of
芒特,英格兰,come_from
贝林厄姆,多特蒙,work_for
贝林厄姆,中场,play_the_role_of
贝林厄姆,英格兰,come_from
康纳·卡拉格,切尔西,work_for
康纳·卡拉格,中场,play_the_role_of
康纳·卡拉格,英格兰,come_from
基亚利殊,曼城,work_for
基亚利殊,前锋,play_the_role_of
基亚利殊,英格兰,come_from
哈里·凯恩,热刺,work_for
哈里·凯恩,前锋,play_the_role_of
哈里·凯恩,英格兰,come_from
斯特林,车路士,work_for
斯特林,前锋,play_the_role_of
斯特林,英格兰,come_from
拉什福德,曼联,work_for
拉什福德,前锋,play_the_role_of
拉什福德,英格兰,come_from
萨卡,阿仙奴,work_for
萨卡,前锋,play_the_role_of
萨卡,英格兰,come_from
福登,曼城,work_for
福登,前锋,play_the_role_of
福登,英格兰,come_from
卡勒姆·威尔逊,纽卡素,work_for
卡勒姆·威尔逊,前锋,play_the_role_of
卡勒姆·威尔逊,英格兰,come_from
詹姆斯·麦迪逊,李斯特城,work_for
詹姆斯·麦迪逊,前锋,play_the_role_of
詹姆斯·麦迪逊,英格兰,come_from
加林德斯,奥卡斯体育会,work_for
加林德斯,门将,play_the_role_of
加林德斯,厄瓜多尔,come_from
拉米雷斯,迪华利独立队,work_for
拉米雷斯,门将,play_the_role_of
拉米雷斯,厄瓜多尔,come_from
多明格斯,基多利加大学体育会,work_for
多明格斯,门将,play_the_role_of
多明格斯,厄瓜多尔,come_from
托雷斯,山度士拿根亚,work_for
托雷斯,后卫,play_the_role_of
托雷斯,厄瓜多尔,come_from
因卡皮耶,利华古逊,work_for
因卡皮耶,后卫,play_the_role_of
因卡皮耶,厄瓜多尔,come_from
阿沃莱达,圣保罗足球会,work_for
阿沃莱达,后卫,play_the_role_of
阿沃莱达,厄瓜多尔,come_from
帕乔,安特卫普,work_for
帕乔,后卫,play_the_role_of
帕乔,厄瓜多尔,come_from
埃斯图皮尼安,白礼顿,work_for
埃斯图皮尼安,后卫,play_the_role_of
埃斯图皮尼安,厄瓜多尔,come_from
阿雷亚加,西雅图海湾者足球会,work_for
阿雷亚加,后卫,play_the_role_of
阿雷亚加,厄瓜多尔,come_from
安赫洛·普雷西亚多,亨克,work_for
安赫洛·普雷西亚多,后卫,play_the_role_of
安赫洛·普雷西亚多,厄瓜多尔,come_from
帕拉西奥斯,FC洛杉矶,work_for
帕拉西奥斯,后卫,play_the_role_of
帕拉西奥斯,厄瓜多尔,come_from
波罗索,特鲁瓦,work_for
波罗索,后卫,play_the_role_of
波罗索,厄瓜多尔,come_from
西富恩特斯,FC洛杉矶,work_for
西富恩特斯,中场,play_the_role_of
西富恩特斯,厄瓜多尔,come_from
格鲁埃索,奥格斯堡,work_for
格鲁埃索,中场,play_the_role_of
格鲁埃索,厄瓜多尔,come_from
梅纳,利昂,work_for
梅纳,中场,play_the_role_of
梅纳,厄瓜多尔,come_from
萨缅托,白礼顿,work_for
萨缅托,中场,play_the_role_of
萨缅托,厄瓜多尔,come_from
普拉塔,华拉度列,work_for
普拉塔,中场,play_the_role_of
普拉塔,厄瓜多尔,come_from
门德斯,FC洛杉矶,work_for
门德斯,中场,play_the_role_of
门德斯,厄瓜多尔,come_from
佛朗哥,泰拿尼斯,work_for
佛朗哥,中场,play_the_role_of
佛朗哥,厄瓜多尔,come_from
凯塞多,白礼顿,work_for
凯塞多,中场,play_the_role_of
凯塞多,厄瓜多尔,come_from
艾尔顿·普雷西亚多,山度士拿根亚,work_for
艾尔顿·普雷西亚多,前锋,play_the_role_of
艾尔顿·普雷西亚多,厄瓜多尔,come_from
伊瓦拉,帕丘卡,work_for
伊瓦拉,前锋,play_the_role_of
伊瓦拉,厄瓜多尔,come_from
埃斯特拉达,蓝十字,work_for
埃斯特拉达,前锋,play_the_role_of
埃斯特拉达,厄瓜多尔,come_from
瓦伦西亚,费伦巴治,work_for
瓦伦西亚,前锋,play_the_role_of
瓦伦西亚,厄瓜多尔,come_from
雷亚斯高,纽维尔旧生,work_for
雷亚斯高,前锋,play_the_role_of
雷亚斯高,厄瓜多尔,come_from
罗德里格斯,迪华利独立队,work_for
罗德里格斯,前锋,play_the_role_of
罗德里格斯,厄瓜多尔,come_from
阿里礼萨·贝兰万德,波斯波利斯,work_for
阿里礼萨·贝兰万德,门将,play_the_role_of
阿里礼萨·贝兰万德,伊朗,come_from
阿米尔·阿贝德扎代,蓬费拉迪纳,work_for
阿米尔·阿贝德扎代,门将,play_the_role_of
阿米尔·阿贝德扎代,伊朗,come_from
侯赛因·侯赛尼,德黑兰独立,work_for
侯赛因·侯赛尼,门将,play_the_role_of
侯赛因·侯赛尼,伊朗,come_from
帕亚姆·尼亚兹曼德,沙巴罕,work_for
帕亚姆·尼亚兹曼德,门将,play_the_role_of
帕亚姆·尼亚兹曼德,伊朗,come_from
伊桑·哈吉萨菲,AEK雅典,work_for
伊桑·哈吉萨菲,后卫,play_the_role_of
伊桑·哈吉萨菲,伊朗,come_from
拉明·礼萨伊安,沙巴罕,work_for
拉明·礼萨伊安,后卫,play_the_role_of
拉明·礼萨伊安,伊朗,come_from
米拉德·穆罕默迪,AEK雅典,work_for
米拉德·穆罕默迪,后卫,play_the_role_of
米拉德·穆罕默迪,伊朗,come_from
莫尔塔扎·普拉利甘吉,德黑兰独立,work_for
莫尔塔扎·普拉利甘吉,后卫,play_the_role_of
莫尔塔扎·普拉利甘吉,伊朗,come_from
侯赛恩·卡纳尼,阿赫利,work_for
侯赛恩·卡纳尼,后卫,play_the_role_of
侯赛恩·卡纳尼,伊朗,come_from
舒贾·哈利勒扎德,阿赫利,work_for
舒贾·哈利勒扎德,后卫,play_the_role_of
舒贾·哈利勒扎德,伊朗,come_from
萨德赫·莫哈拉米,萨格勒布迪纳摩,work_for
萨德赫·莫哈拉米,后卫,play_the_role_of
萨德赫·莫哈拉米,伊朗,come_from
马吉德·侯赛尼,卡塞利,work_for
马吉德·侯赛尼,后卫,play_the_role_of
马吉德·侯赛尼,伊朗,come_from
奥米德·诺拉夫坎,沙巴罕,work_for
奥米德·诺拉夫坎,后卫,play_the_role_of
奥米德·诺拉夫坎,伊朗,come_from
萨利赫·哈达尼,德黑兰独立,work_for
萨利赫·哈达尼,后卫,play_the_role_of
萨利赫·哈达尼,伊朗,come_from
阿博法兹·贾拉利,德黑兰独立,work_for
阿博法兹·贾拉利,后卫,play_the_role_of
阿博法兹·贾拉利,伊朗,come_from
奥米德·伊布拉希米,艾华卡拉,work_for
奥米德·伊布拉希米,中场,play_the_role_of
奥米德·伊布拉希米,伊朗,come_from
赛义德·埃扎托拉希,维积利足,work_for
赛义德·埃扎托拉希,中场,play_the_role_of
赛义德·埃扎托拉希,伊朗,come_from
萨曼·格多斯,布伦特福德,work_for
萨曼·格多斯,中场,play_the_role_of
萨曼·格多斯,伊朗,come_from
米拉德·萨尔拉克,柏斯波利斯,work_for
米拉德·萨尔拉克,中场,play_the_role_of
米拉德·萨尔拉克,伊朗,come_from
瓦希德·阿米里,波斯波利斯,work_for
瓦希德·阿米里,中场,play_the_role_of
瓦希德·阿米里,伊朗,come_from
艾哈迈德·诺罗拉希,青年国民杜拜,work_for
艾哈迈德·诺罗拉希,中场,play_the_role_of
艾哈迈德·诺罗拉希,伊朗,come_from
阿里列沙·查汉巴殊,飞燕诺,work_for
阿里列沙·查汉巴殊,前锋,play_the_role_of
阿里列沙·查汉巴殊,伊朗,come_from
卡里姆·安萨里法德,奥摩尼亚,work_for
卡里姆·安萨里法德,前锋,play_the_role_of
卡里姆·安萨里法德,伊朗,come_from
迈赫迪·塔雷米,波尔图,work_for
迈赫迪·塔雷米,前锋,play_the_role_of
迈赫迪·塔雷米,伊朗,come_from
阿里·戈利扎代,皇家沙勒罗瓦,work_for
阿里·戈利扎代,前锋,play_the_role_of
阿里·戈利扎代,伊朗,come_from
萨尔达尔·阿兹蒙,勒沃库森足球俱乐部,work_for
萨尔达尔·阿兹蒙,前锋,play_the_role_of
萨尔达尔·阿兹蒙,伊朗,come_from
洛里斯,热刺,work_for
洛里斯,门将,play_the_role_of
洛里斯,法国,come_from
曼丹达,马赛,work_for
曼丹达,门将,play_the_role_of
曼丹达,法国,come_from
阿雷奥拉,西汉姆联,work_for
阿雷奥拉,门将,play_the_role_of
阿雷奥拉,法国,come_from
帕瓦尔,拜仁慕尼黑,work_for
帕瓦尔,后卫,play_the_role_of
帕瓦尔,法国,come_from
阿素·迪沙斯,摩纳哥,work_for
阿素·迪沙斯,后卫,play_the_role_of
阿素·迪沙斯,法国,come_from
瓦拉内,曼联,work_for
瓦拉内,后卫,play_the_role_of
瓦拉内,法国,come_from
孔德,巴塞罗那,work_for
孔德,后卫,play_the_role_of
孔德,法国,come_from
萨利巴,阿仙奴,work_for
萨利巴,后卫,play_the_role_of
萨利巴,法国,come_from
于帕梅卡诺,拜仁慕尼黑,work_for
于帕梅卡诺,后卫,play_the_role_of
于帕梅卡诺,法国,come_from
卢卡斯·埃尔南德斯,拜仁慕尼黑,work_for
卢卡斯·埃尔南德斯,后卫,play_the_role_of
卢卡斯·埃尔南德斯,法国,come_from
特奥·埃尔南德斯,AC米兰,work_for
特奥·埃尔南德斯,后卫,play_the_role_of
特奥·埃尔南德斯,法国,come_from
科纳特,利物浦,work_for
科纳特,后卫,play_the_role_of
科纳特,法国,come_from
贡多齐,马赛,work_for
贡多齐,中场,play_the_role_of
贡多齐,法国,come_from
赤瓦门尼,皇家马德里,work_for
赤瓦门尼,中场,play_the_role_of
赤瓦门尼,法国,come_from
优素福·福法纳,摩纳哥,work_for
优素福·福法纳,中场,play_the_role_of
优素福·福法纳,法国,come_from
拉比奥特,尤文图斯,work_for
拉比奥特,中场,play_the_role_of
拉比奥特,法国,come_from
韦勒图,马赛,work_for
韦勒图,中场,play_the_role_of
韦勒图,法国,come_from
卡马文加,皇家马德里,work_for
卡马文加,中场,play_the_role_of
卡马文加,法国,come_from
格里兹曼,马德里竞技,work_for
格里兹曼,前锋,play_the_role_of
格里兹曼,法国,come_from
吉鲁,AC米兰,work_for
吉鲁,前锋,play_the_role_of
吉鲁,法国,come_from
姆巴佩,巴黎圣日耳曼,work_for
姆巴佩,前锋,play_the_role_of
姆巴佩,法国,come_from
登贝莱,巴塞罗那,work_for
登贝莱,前锋,play_the_role_of
登贝莱,法国,come_from
科洛·穆阿尼,法兰克福,work_for
科洛·穆阿尼,前锋,play_the_role_of
科洛·穆阿尼,法国,come_from
科曼,拜仁慕尼黑,work_for
科曼,前锋,play_the_role_of
科曼,法国,come_from
图拉姆,门兴格拉德巴赫,work_for
图拉姆,前锋,play_the_role_of
图拉姆,法国,come_from
金承奎,艾沙比,work_for
金承奎,门将,play_the_role_of
金承奎,韩国,come_from
宋范根,全北现代汽车,work_for
宋范根,门将,play_the_role_of
宋范根,韩国,come_from
赵贤祐,蔚山现代,work_for
赵贤祐,门将,play_the_role_of
赵贤祐,韩国,come_from
尹钟奎,FC首尔,work_for
尹钟奎,后卫,play_the_role_of
尹钟奎,韩国,come_from
金珍洙,全北现代汽车,work_for
金珍洙,后卫,play_the_role_of
金珍洙,韩国,come_from
金玟哉,那不勒斯,work_for
金玟哉,后卫,play_the_role_of
金玟哉,韩国,come_from
洪喆,大邱FC,work_for
洪喆,后卫,play_the_role_of
洪喆,韩国,come_from
金文焕,全北现代汽车,work_for
金文焕,后卫,play_the_role_of
金文焕,韩国,come_from
金英权,蔚山现代,work_for
金英权,后卫,play_the_role_of
金英权,韩国,come_from
权敬原,大阪飞脚,work_for
权敬原,后卫,play_the_role_of
权敬原,韩国,come_from
金太焕,蔚山现代,work_for
金太焕,后卫,play_the_role_of
金太焕,韩国,come_from
曺侑珉,大田韩亚市民,work_for
曺侑珉,后卫,play_the_role_of
曺侑珉,韩国,come_from
郑又荣,艾萨德,work_for
郑又荣,中场,play_the_role_of
郑又荣,韩国,come_from
黄仁范,奥林匹亚科斯,work_for
黄仁范,中场,play_the_role_of
黄仁范,韩国,come_from
孙兴慜,热刺,work_for
孙兴慜,中场,play_the_role_of
孙兴慜,韩国,come_from
白升浩,全北现代汽车,work_for
白升浩,中场,play_the_role_of
白升浩,韩国,come_from
李在城,缅恩斯,work_for
李在城,中场,play_the_role_of
李在城,韩国,come_from
黄喜灿,狼队,work_for
黄喜灿,中场,play_the_role_of
黄喜灿,韩国,come_from
孙准浩,山东泰山,work_for
孙准浩,中场,play_the_role_of
孙准浩,韩国,come_from
罗相浩,FC首尔,work_for
罗相浩,中场,play_the_role_of
罗相浩,韩国,come_from
李刚仁,马略卡,work_for
李刚仁,中场,play_the_role_of
李刚仁,韩国,come_from
权昶勋,金泉尚武,work_for
权昶勋,中场,play_the_role_of
权昶勋,韩国,come_from
郑优营,弗赖堡,work_for
郑优营,中场,play_the_role_of
郑优营,韩国,come_from
宋旻揆,全北现代汽车,work_for
宋旻揆,中场,play_the_role_of
宋旻揆,韩国,come_from
曹圭成,全北现代汽车,work_for
曹圭成,前锋,play_the_role_of
曹圭成,韩国,come_from
黄义助,奥林匹亚科斯,work_for
黄义助,前锋,play_the_role_of
黄义助,韩国,come_from
吉列尔莫·奥乔亚,CF阿美利加,work_for
吉列尔莫·奥乔亚,门将,play_the_role_of
吉列尔莫·奥乔亚,墨西哥,come_from
阿尔弗雷多·塔拉韦拉,普马斯,work_for
阿尔弗雷多·塔拉韦拉,门将,play_the_role_of
阿尔弗雷多·塔拉韦拉,墨西哥,come_from
鲁道夫·科塔,莱昂,work_for
鲁道夫·科塔,门将,play_the_role_of
鲁道夫·科塔,墨西哥,come_from
赫克托·莫雷诺,蒙特雷,work_for
赫克托·莫雷诺,后卫,play_the_role_of
赫克托·莫雷诺,墨西哥,come_from
赫苏斯·加利亚多,蒙特雷,work_for
赫苏斯·加利亚多,后卫,play_the_role_of
赫苏斯·加利亚多,墨西哥,come_from
内斯托尔·阿劳霍,切尔达,work_for
内斯托尔·阿劳霍,后卫,play_the_role_of
内斯托尔·阿劳霍,墨西哥,come_from
塞萨尔·蒙特斯,蒙特雷,work_for
塞萨尔·蒙特斯,后卫,play_the_role_of
塞萨尔·蒙特斯,墨西哥,come_from
豪尔赫·桑切斯,CF阿美利加,work_for
豪尔赫·桑切斯,后卫,play_the_role_of
豪尔赫·桑切斯,墨西哥,come_from
赫拉尔多·阿特亚加,亨克,work_for
赫拉尔多·阿特亚加,后卫,play_the_role_of
赫拉尔多·阿特亚加,墨西哥,come_from
赫苏斯·阿尔韦托·安古洛,堤格雷斯,work_for
赫苏斯·阿尔韦托·安古洛,后卫,play_the_role_of
赫苏斯·阿尔韦托·安古洛,墨西哥,come_from
约翰·巴斯克斯,热那亚,work_for
约翰·巴斯克斯,后卫,play_the_role_of
约翰·巴斯克斯,墨西哥,come_from
埃德松·阿尔瓦雷斯,阿积士,work_for
埃德松·阿尔瓦雷斯,中场,play_the_role_of
埃德松·阿尔瓦雷斯,墨西哥,come_from
路易斯·罗莫,蒙特雷,work_for
路易斯·罗莫,中场,play_the_role_of
路易斯·罗莫,墨西哥,come_from
卡洛斯·罗德里格斯,蓝十字,work_for
卡洛斯·罗德里格斯,中场,play_the_role_of
卡洛斯·罗德里格斯,墨西哥,come_from
迭戈·莱内斯,贝蒂斯,work_for
迭戈·莱内斯,中场,play_the_role_of
迭戈·莱内斯,墨西哥,come_from
埃里克·古铁雷斯,PSV燕豪芬,work_for
埃里克·古铁雷斯,中场,play_the_role_of
埃里克·古铁雷斯,墨西哥,come_from
乌列·安图纳,蓝十字,work_for
乌列·安图纳,中场,play_the_role_of
乌列·安图纳,墨西哥,come_from
罗伯托·阿尔瓦拉多,瓜达拉哈拉,work_for
罗伯托·阿尔瓦拉多,中场,play_the_role_of
罗伯托·阿尔瓦拉多,墨西哥,come_from
劳尔·希门尼斯,狼队,work_for
劳尔·希门尼斯,前锋,play_the_role_of
劳尔·希门尼斯,墨西哥,come_from
亚历克西斯·维加,瓜达拉哈拉,work_for
亚历克西斯·维加,前锋,play_the_role_of
亚历克西斯·维加,墨西哥,come_from
赫苏斯·科罗纳,西维尔,work_for
赫苏斯·科罗纳,前锋,play_the_role_of
赫苏斯·科罗纳,墨西哥,come_from
圣地亚哥·希门尼斯,蓝十字,work_for
圣地亚哥·希门尼斯,前锋,play_the_role_of
圣地亚哥·希门尼斯,墨西哥,come_from
亨利·马丁,CF阿美利加,work_for
亨利·马丁,前锋,play_the_role_of
亨利·马丁,墨西哥,come_from
伊尔文·洛萨诺,拿玻里,work_for
伊尔文·洛萨诺,前锋,play_the_role_of
伊尔文·洛萨诺,墨西哥,come_from
鲁伊·帕特里西奥,罗马,work_for
鲁伊·帕特里西奥,门将,play_the_role_of
鲁伊·帕特里西奥,葡萄牙,come_from
何塞·萨,狼队,work_for
何塞·萨,门将,play_the_role_of
何塞·萨,葡萄牙,come_from
迪奥戈·科斯塔,波尔图,work_for
迪奥戈·科斯塔,门将,play_the_role_of
迪奥戈·科斯塔,葡萄牙,come_from
迪奥戈·达洛特,曼联,work_for
迪奥戈·达洛特,后卫,play_the_role_of
迪奥戈·达洛特,葡萄牙,come_from
佩佩,波尔图,work_for
佩佩,后卫,play_the_role_of
佩佩,葡萄牙,come_from
鲁本·迪亚斯,曼城,work_for
鲁本·迪亚斯,后卫,play_the_role_of
鲁本·迪亚斯,葡萄牙,come_from
拉斐尔·古埃雷罗,多特蒙德,work_for
拉斐尔·古埃雷罗,后卫,play_the_role_of
拉斐尔·古埃雷罗,葡萄牙,come_from
达尼洛·佩雷拉,巴黎圣日耳曼,work_for
达尼洛·佩雷拉,后卫,play_the_role_of
达尼洛·佩雷拉,葡萄牙,come_from
努诺·门德斯,巴黎圣日耳曼,work_for
努诺·门德斯,后卫,play_the_role_of
努诺·门德斯,葡萄牙,come_from
若奥·坎塞罗,曼城,work_for
若奥·坎塞罗,后卫,play_the_role_of
若奥·坎塞罗,葡萄牙,come_from
安东尼奥·席尔瓦,本菲卡,work_for
安东尼奥·席尔瓦,后卫,play_the_role_of
安东尼奥·席尔瓦,葡萄牙,come_from
若昂·帕利尼亚,富勒姆,work_for
若昂·帕利尼亚,中场,play_the_role_of
若昂·帕利尼亚,葡萄牙,come_from
布鲁诺·费尔南德斯,曼联,work_for
布鲁诺·费尔南德斯,中场,play_the_role_of
布鲁诺·费尔南德斯,葡萄牙,come_from
贝纳多·席尔瓦,曼城,work_for
贝纳多·席尔瓦,中场,play_the_role_of
贝纳多·席尔瓦,葡萄牙,come_from
威廉·卡维奴,皇家贝蒂斯,work_for
威廉·卡维奴,中场,play_the_role_of
威廉·卡维奴,葡萄牙,come_from
维蒂尼亚,巴黎圣日耳曼,work_for
维蒂尼亚,中场,play_the_role_of
维蒂尼亚,葡萄牙,come_from
祖奥·马里奥,本菲卡,work_for
祖奥·马里奥,中场,play_the_role_of
祖奥·马里奥,葡萄牙,come_from
鲁本·内维斯,狼队,work_for
鲁本·内维斯,中场,play_the_role_of
鲁本·内维斯,葡萄牙,come_from
马修斯·努内斯,狼队,work_for
马修斯·努内斯,中场,play_the_role_of
马修斯·努内斯,葡萄牙,come_from
奥塔维奥,波尔图,work_for
奥塔维奥,中场,play_the_role_of
奥塔维奥,葡萄牙,come_from
克里斯蒂亚诺·罗纳尔多,自由身,work_for
克里斯蒂亚诺·罗纳尔多,前锋,play_the_role_of
克里斯蒂亚诺·罗纳尔多,葡萄牙,come_from
安德烈·席尔瓦,莱比锡,work_for
安德烈·席尔瓦,前锋,play_the_role_of
安德烈·席尔瓦,葡萄牙,come_from
若奥·菲利克斯,马德里竞技,work_for
若奥·菲利克斯,前锋,play_the_role_of
若奥·菲利克斯,葡萄牙,come_from
拉斐尔·莱昂,AC米兰,work_for
拉斐尔·莱昂,前锋,play_the_role_of
拉斐尔·莱昂,葡萄牙,come_from
里卡多·奥尔塔,布拉加,work_for
里卡多·奥尔塔,前锋,play_the_role_of
里卡多·奥尔塔,葡萄牙,come_from
贡萨洛·拉莫斯 ,本菲卡,work_for
贡萨洛·拉莫斯 ,前锋,play_the_role_of
贡萨洛·拉莫斯 ,葡萄牙,come_from
辛尼·迪安,昆士柏流浪,work_for
辛尼·迪安,门将,play_the_role_of
辛尼·迪安,塞内加尔,come_from
爱德华·门迪,切尔西,work_for
爱德华·门迪,门将,play_the_role_of
爱德华·门迪,塞内加尔,come_from
阿弗瑞德·高米兹,雷恩,work_for
阿弗瑞德·高米兹,门将,play_the_role_of
阿弗瑞德·高米兹,塞内加尔,come_from
福代·巴洛-图雷,AC米兰,work_for
福代·巴洛-图雷,后卫,play_the_role_of
福代·巴洛-图雷,塞内加尔,come_from
库利巴利,切尔西,work_for
库利巴利,后卫,play_the_role_of
库利巴利,塞内加尔,come_from
帕普·阿布·西塞,奥林比亚高斯,work_for
帕普·阿布·西塞,后卫,play_the_role_of
帕普·阿布·西塞,塞内加尔,come_from
穆萨·恩迪亚耶,安德列治,work_for
穆萨·恩迪亚耶,后卫,play_the_role_of
穆萨·恩迪亚耶,塞内加尔,come_from
尤素夫·沙巴利,贝蒂斯,work_for
尤素夫·沙巴利,后卫,play_the_role_of
尤素夫·沙巴利,塞内加尔,come_from
伊斯梅尔·雅各布斯,摩纳哥,work_for
伊斯梅尔·雅各布斯,后卫,play_the_role_of
伊斯梅尔·雅各布斯,塞内加尔,come_from
福尔摩斯·门迪,艾米恩斯,work_for
福尔摩斯·门迪,后卫,play_the_role_of
福尔摩斯·门迪,塞内加尔,come_from
阿卜杜·迪亚洛,莱比锡,work_for
阿卜杜·迪亚洛,后卫,play_the_role_of
阿卜杜·迪亚洛,塞内加尔,come_from
伊德里萨·盖伊,爱华顿,work_for
伊德里萨·盖伊,中场,play_the_role_of
伊德里萨·盖伊,塞内加尔,come_from
南帕利·门迪,李斯特城,work_for
南帕利·门迪,中场,play_the_role_of
南帕利·门迪,塞内加尔,come_from
查克哈欧·库亚特,诺定咸森林,work_for
查克哈欧·库亚特,中场,play_the_role_of
查克哈欧·库亚特,塞内加尔,come_from
帕勒·西斯,华历简奴,work_for
帕勒·西斯,中场,play_the_role_of
帕勒·西斯,塞内加尔,come_from
克雷平·迪亚塔,摩纳哥,work_for
克雷平·迪亚塔,中场,play_the_role_of
克雷平·迪亚塔,塞内加尔,come_from
帕普·马塔尔·萨尔,热刺,work_for
帕普·马塔尔·萨尔,中场,play_the_role_of
帕普·马塔尔·萨尔,塞内加尔,come_from
穆斯塔法·纳米,帕福斯,work_for
穆斯塔法·纳米,中场,play_the_role_of
穆斯塔法·纳米,塞内加尔,come_from
马马杜·卢姆,雷丁,work_for
马马杜·卢姆,中场,play_the_role_of
马马杜·卢姆,塞内加尔,come_from
帕佩·古尔,马赛,work_for
帕佩·古尔,中场,play_the_role_of
帕佩·古尔,塞内加尔,come_from
尼古拉斯·杰克森,维拉利尔,work_for
尼古拉斯·杰克森,前锋,play_the_role_of
尼古拉斯·杰克森,塞内加尔,come_from
伊利曼·恩迪亚耶,锡菲联,work_for
伊利曼·恩迪亚耶,前锋,play_the_role_of
伊利曼·恩迪亚耶,塞内加尔,come_from
伊斯马伊拉·萨尔,屈福特,work_for
伊斯马伊拉·萨尔,前锋,play_the_role_of
伊斯马伊拉·萨尔,塞内加尔,come_from
法玛拉·迪迪乌,阿拉尼亚,work_for
法玛拉·迪迪乌,前锋,play_the_role_of
法玛拉·迪迪乌,塞内加尔,come_from
班巴·迪昂,马赛,work_for
班巴·迪昂,前锋,play_the_role_of
班巴·迪昂,塞内加尔,come_from
布莱耶·迪亚,沙兰力坦拿,work_for
布莱耶·迪亚,前锋,play_the_role_of
布莱耶·迪亚,塞内加尔,come_from
理查·奥沃里,马利特斯堡联足球会,work_for
理查·奥沃里,门将,play_the_role_of
理查·奥沃里,加纳,come_from
劳伦斯·塔蒂-齐吉,索察,work_for
劳伦斯·塔蒂-齐吉,门将,play_the_role_of
劳伦斯·塔蒂-齐吉,加纳,come_from
菲力克斯·安南,阿善提科图科,work_for
菲力克斯·安南,门将,play_the_role_of
菲力克斯·安南,加纳,come_from
约瑟夫·阿塔马,巴沙克舒希,work_for
约瑟夫·阿塔马,后卫,play_the_role_of
约瑟夫·阿塔马,加纳,come_from
乔纳森·门萨,哥伦布机员,work_for
乔纳森·门萨,后卫,play_the_role_of
乔纳森·门萨,加纳,come_from
卢蒙·阿格贝耶努,士砵亭,work_for
卢蒙·阿格贝耶努,后卫,play_the_role_of
卢蒙·阿格贝耶努,加纳,come_from
凯西姆·努胡,辛斯海姆,work_for
凯西姆·努胡,后卫,play_the_role_of
凯西姆·努胡,加纳,come_from
艾度·巴巴,切尔西,work_for
艾度·巴巴,后卫,play_the_role_of
艾度·巴巴,加纳,come_from
约瑟夫·艾杜,切尔达,work_for
约瑟夫·艾杜,后卫,play_the_role_of
约瑟夫·艾杜,加纳,come_from
约翰·博耶,梅斯,work_for
约翰·博耶,后卫,play_the_role_of
约翰·博耶,加纳,come_from
安迪·亚多姆,雷丁,work_for
安迪·亚多姆,后卫,play_the_role_of
安迪·亚多姆,加纳,come_from
托马斯·帕尔特伊,兵工厂,work_for
托马斯·帕尔特伊,中场,play_the_role_of
托马斯·帕尔特伊,加纳,come_from
阿弗里耶·阿奎,安玻里,work_for
阿弗里耶·阿奎,中场,play_the_role_of
阿弗里耶·阿奎,加纳,come_from
克利斯蒂安·阿特苏,水晶宫,work_for
克利斯蒂安·阿特苏,中场,play_the_role_of
克利斯蒂安·阿特苏,加纳,come_from
安德雷·阿尤,史云斯,work_for
安德雷·阿尤,中场,play_the_role_of
安德雷·阿尤,加纳,come_from
穆巴拉克·瓦卡索,艾拉维斯,work_for
穆巴拉克·瓦卡索,中场,play_the_role_of
穆巴拉克·瓦卡索,加纳,come_from
萨姆尔·奥武苏,古卡历基,work_for
萨姆尔·奥武苏,中场,play_the_role_of
萨姆尔·奥武苏,加纳,come_from
卡瓦多·阿萨莫阿,国际米兰,work_for
卡瓦多·阿萨莫阿,中场,play_the_role_of
卡瓦多·阿萨莫阿,加纳,come_from
汤玛斯·阿吉蓬,曼城,work_for
汤玛斯·阿吉蓬,中场,play_the_role_of
汤玛斯·阿吉蓬,加纳,come_from
阿萨莫阿·吉安,卡塞利,work_for
阿萨莫阿·吉安,前锋,play_the_role_of
阿萨莫阿·吉安,加纳,come_from
奥武苏·卡瓦贝纳,利根尼斯,work_for
奥武苏·卡瓦贝纳,前锋,play_the_role_of
奥武苏·卡瓦贝纳,加纳,come_from
乔丹·阿尤,水晶宫,work_for
乔丹·阿尤,前锋,play_the_role_of
乔丹·阿尤,加纳,come_from
卡莱布·埃库班,特拉布宗,work_for
卡莱布·埃库班,前锋,play_the_role_of
卡莱布·埃库班,加纳,come_from
沃伊切赫·什琴斯尼,尤文图斯,work_for
沃伊切赫·什琴斯尼,门将,play_the_role_of
沃伊切赫·什琴斯尼,波兰,come_from
卢卡什·斯科鲁普斯基,博洛尼亚,work_for
卢卡什·斯科鲁普斯基,门将,play_the_role_of
卢卡什·斯科鲁普斯基,波兰,come_from
卡米尔·格拉巴拉,哥本哈根,work_for
卡米尔·格拉巴拉,门将,play_the_role_of
卡米尔·格拉巴拉,波兰,come_from
马蒂·卡什,阿斯顿维拉,work_for
马蒂·卡什,后卫,play_the_role_of
马蒂·卡什,波兰,come_from
亚瑟·耶德尔泽西克,华沙莱吉亚,work_for
亚瑟·耶德尔泽西克,后卫,play_the_role_of
亚瑟·耶德尔泽西克,波兰,come_from
马特乌什·维特斯卡,克莱蒙,work_for
马特乌什·维特斯卡,后卫,play_the_role_of
马特乌什·维特斯卡,波兰,come_from
扬·贝德纳雷克,阿斯顿维拉,work_for
扬·贝德纳雷克,后卫,play_the_role_of
扬·贝德纳雷克,波兰,come_from
雅各布·基维奥尔,斯佩齐亚,work_for
雅各布·基维奥尔,后卫,play_the_role_of
雅各布·基维奥尔,波兰,come_from
卡米尔·格里克,贝内文托,work_for
卡米尔·格里克,后卫,play_the_role_of
卡米尔·格里克,波兰,come_from
巴托斯·贝雷辛内斯基,桑普多利亚,work_for
巴托斯·贝雷辛内斯基,后卫,play_the_role_of
巴托斯·贝雷辛内斯基,波兰,come_from
尼科拉·扎勒维斯基,罗马,work_for
尼科拉·扎勒维斯基,后卫,play_the_role_of
尼科拉·扎勒维斯基,波兰,come_from
罗伯特·古姆尼,奥格斯堡,work_for
罗伯特·古姆尼,后卫,play_the_role_of
罗伯特·古姆尼,波兰,come_from
克里斯蒂安·别利克,伯明翰,work_for
克里斯蒂安·别利克,中场,play_the_role_of
克里斯蒂安·别利克,波兰,come_from
达米安·希曼斯基,AEK雅典,work_for
达米安·希曼斯基,中场,play_the_role_of
达米安·希曼斯基,波兰,come_from
格里高兹·科里乔维亚克,艾沙比,work_for
格里高兹·科里乔维亚克,中场,play_the_role_of
格里高兹·科里乔维亚克,波兰,come_from
卡米尔·格罗西茨基,什切青波贡,work_for
卡米尔·格罗西茨基,中场,play_the_role_of
卡米尔·格罗西茨基,波兰,come_from
雅各布·卡明斯基,沃尔夫斯堡,work_for
雅各布·卡明斯基,中场,play_the_role_of
雅各布·卡明斯基,波兰,come_from
希蒙·茹尔科夫斯基,佛罗伦萨,work_for
希蒙·茹尔科夫斯基,中场,play_the_role_of
希蒙·茹尔科夫斯基,波兰,come_from
塞巴斯蒂安·希曼斯基,飞燕诺,work_for
塞巴斯蒂安·希曼斯基,中场,play_the_role_of
塞巴斯蒂安·希曼斯基,波兰,come_from
彼得·杰林斯基,那不勒斯,work_for
彼得·杰林斯基,中场,play_the_role_of
彼得·杰林斯基,波兰,come_from
普热梅斯瓦夫·弗兰科夫斯基,朗斯,work_for
普热梅斯瓦夫·弗兰科夫斯基,中场,play_the_role_of
普热梅斯瓦夫·弗兰科夫斯基,波兰,come_from
米哈乌·斯库拉希,波兹南莱克,work_for
米哈乌·斯库拉希,中场,play_the_role_of
米哈乌·斯库拉希,波兰,come_from
阿卡迪乌什·米利克,尤文图斯,work_for
阿卡迪乌什·米利克,前锋,play_the_role_of
阿卡迪乌什·米利克,波兰,come_from
莱万多夫斯基,巴塞罗那,work_for
莱万多夫斯基,前锋,play_the_role_of
莱万多夫斯基,波兰,come_from
卡罗尔·希维德尔斯基,夏洛特,work_for
卡罗尔·希维德尔斯基,前锋,play_the_role_of
卡罗尔·希维德尔斯基,波兰,come_from
克日什托夫·皮亚特克,沙勒尼塔纳,work_for
克日什托夫·皮亚特克,前锋,play_the_role_of
克日什托夫·皮亚特克,波兰,come_from
费尔南多·穆斯莱拉,加拉塔萨雷,work_for
费尔南多·穆斯莱拉,门将,play_the_role_of
费尔南多·穆斯莱拉,乌拉圭,come_from
塞瓦斯蒂安·索萨,独立,work_for
塞瓦斯蒂安·索萨,门将,play_the_role_of
塞瓦斯蒂安·索萨,乌拉圭,come_from
塞尔希奥·罗切特,乌拉圭民族,work_for
塞尔希奥·罗切特,门将,play_the_role_of
塞尔希奥·罗切特,乌拉圭,come_from
荷西·玛利亚·基文尼斯,马德里竞技,work_for
荷西·玛利亚·基文尼斯,后卫,play_the_role_of
荷西·玛利亚·基文尼斯,乌拉圭,come_from
迭戈·戈丁,萨斯菲尔德,work_for
迭戈·戈丁,后卫,play_the_role_of
迭戈·戈丁,乌拉圭,come_from
罗纳德·阿劳霍,巴塞罗那,work_for
罗纳德·阿劳霍,后卫,play_the_role_of
罗纳德·阿劳霍,乌拉圭,come_from
吉列尔莫·巴雷拉,弗拉门戈,work_for
吉列尔莫·巴雷拉,后卫,play_the_role_of
吉列尔莫·巴雷拉,乌拉圭,come_from
马蒂亚斯·奥利韦拉,那不勒斯,work_for
马蒂亚斯·奥利韦拉,后卫,play_the_role_of
马蒂亚斯·奥利韦拉,乌拉圭,come_from
马蒂亚斯·比尼亚,罗马,work_for
马蒂亚斯·比尼亚,后卫,play_the_role_of
马蒂亚斯·比尼亚,乌拉圭,come_from
塞巴斯蒂安·科茨,葡萄牙体育,work_for
塞巴斯蒂安·科茨,后卫,play_the_role_of
塞巴斯蒂安·科茨,乌拉圭,come_from
马田·卡沙利斯,洛杉矶银河,work_for
马田·卡沙利斯,后卫,play_the_role_of
马田·卡沙利斯,乌拉圭,come_from
荷西·路易斯·罗德里奎,乌拉圭民族,work_for
荷西·路易斯·罗德里奎,后卫,play_the_role_of
荷西·路易斯·罗德里奎,乌拉圭,come_from
马蒂亚斯·维西诺,拉素,work_for
马蒂亚斯·维西诺,中场,play_the_role_of
马蒂亚斯·维西诺,乌拉圭,come_from
罗德里戈·本坦库尔,热刺,work_for
罗德里戈·本坦库尔,中场,play_the_role_of
罗德里戈·本坦库尔,乌拉圭,come_from
尼古拉斯·德拉克鲁兹,河床,work_for
尼古拉斯·德拉克鲁兹,中场,play_the_role_of
尼古拉斯·德拉克鲁兹,乌拉圭,come_from
乔尔詹·德·阿拉斯卡埃塔,弗拉门戈,work_for
乔尔詹·德·阿拉斯卡埃塔,中场,play_the_role_of
乔尔詹·德·阿拉斯卡埃塔,乌拉圭,come_from
卢卡斯·托雷拉,加拉塔萨雷,work_for
卢卡斯·托雷拉,中场,play_the_role_of
卢卡斯·托雷拉,乌拉圭,come_from
费德里科·巴尔韦德,皇家马德里,work_for
费德里科·巴尔韦德,中场,play_the_role_of
费德里科·巴尔韦德,乌拉圭,come_from
曼努埃尔·乌加特,葡萄牙体育,work_for
曼努埃尔·乌加特,中场,play_the_role_of
曼努埃尔·乌加特,乌拉圭,come_from
法昆多·佩里斯里,曼联,work_for
法昆多·佩里斯里,前锋,play_the_role_of
法昆多·佩里斯里,乌拉圭,come_from
路易斯·苏亚雷斯,乌拉圭民族,work_for
路易斯·苏亚雷斯,前锋,play_the_role_of
路易斯·苏亚雷斯,乌拉圭,come_from
达云·纽尼斯,利物浦,work_for
达云·纽尼斯,前锋,play_the_role_of
达云·纽尼斯,乌拉圭,come_from
麦斯·高美斯,特拉布宗体育,work_for
麦斯·高美斯,前锋,play_the_role_of
麦斯·高美斯,乌拉圭,come_from
法昆多·托雷斯,奥兰多城,work_for
法昆多·托雷斯,前锋,play_the_role_of
法昆多·托雷斯,乌拉圭,come_from
埃丁森·卡瓦尼,瓦伦西亚,work_for
埃丁森·卡瓦尼,前锋,play_the_role_of
埃丁森·卡瓦尼,乌拉圭,come_from
阿古斯丁·卡诺比奥,巴拉纳竞技,work_for
阿古斯丁·卡诺比奥,前锋,play_the_role_of
阿古斯丁·卡诺比奥,乌拉圭,come_from
亨尼西,诺定咸森林,work_for
亨尼西,门将,play_the_role_of
亨尼西,威尔士,come_from
瓦德,李斯特城,work_for
瓦德,门将,play_the_role_of
瓦德,威尔士,come_from
亚当·戴维斯,锡菲联,work_for
亚当·戴维斯,门将,play_the_role_of
亚当·戴维斯,威尔士,come_from
克里斯·冈特尔,AFC温布顿,work_for
克里斯·冈特尔,后卫,play_the_role_of
克里斯·冈特尔,威尔士,come_from
内科·威廉斯,诺定咸森林,work_for
内科·威廉斯,后卫,play_the_role_of
内科·威廉斯,威尔士,come_from
本·戴维斯,热刺,work_for
本·戴维斯,后卫,play_the_role_of
本·戴维斯,威尔士,come_from
克里斯·梅菲姆,般尼茅夫,work_for
克里斯·梅菲姆,后卫,play_the_role_of
克里斯·梅菲姆,威尔士,come_from
罗登,雷恩,work_for
罗登,后卫,play_the_role_of
罗登,威尔士,come_from
康纳·罗伯茨,般尼,work_for
康纳·罗伯茨,后卫,play_the_role_of
康纳·罗伯茨,威尔士,come_from
安姆帕杜,史柏斯亚,work_for
安姆帕杜,后卫,play_the_role_of
安姆帕杜,威尔士,come_from
汤姆·洛克耶,卢顿,work_for
汤姆·洛克耶,后卫,play_the_role_of
汤姆·洛克耶,威尔士,come_from
本·卡班戈,史云斯,work_for
本·卡班戈,后卫,play_the_role_of
本·卡班戈,威尔士,come_from
乔·艾伦,史云斯,work_for
乔·艾伦,中场,play_the_role_of
乔·艾伦,威尔士,come_from
哈里·威尔逊,富咸,work_for
哈里·威尔逊,中场,play_the_role_of
哈里·威尔逊,威尔士,come_from
拉姆塞,尼斯,work_for
拉姆塞,中场,play_the_role_of
拉姆塞,威尔士,come_from
乔·莫雷尔,朴次茅夫,work_for
乔·莫雷尔,中场,play_the_role_of
乔·莫雷尔,威尔士,come_from
乔纳森·威廉姆斯,史云顿,work_for
乔纳森·威廉姆斯,中场,play_the_role_of
乔纳森·威廉姆斯,威尔士,come_from
索尔巴·托马斯,哈德斯菲尔德,work_for
索尔巴·托马斯,中场,play_the_role_of
索尔巴·托马斯,威尔士,come_from
迪伦·莱维特,登地联,work_for
迪伦·莱维特,中场,play_the_role_of
迪伦·莱维特,威尔士,come_from
鲁宾·科尔威尔,卡迪夫城,work_for
鲁宾·科尔威尔,中场,play_the_role_of
鲁宾·科尔威尔,威尔士,come_from
马修·史密斯,米尔顿凯恩斯,work_for
马修·史密斯,中场,play_the_role_of
马修·史密斯,威尔士,come_from
布伦南·约翰逊,诺定咸森林,work_for
布伦南·约翰逊,前锋,play_the_role_of
布伦南·约翰逊,威尔士,come_from
格瑞斯·贝尔,FC洛杉矶,work_for
格瑞斯·贝尔,前锋,play_the_role_of
格瑞斯·贝尔,威尔士,come_from
摩尔,般尼茅夫,work_for
摩尔,前锋,play_the_role_of
摩尔,威尔士,come_from
马克·哈里斯,卡迪夫城,work_for
马克·哈里斯,前锋,play_the_role_of
马克·哈里斯,威尔士,come_from
丹尼尔·詹姆斯,富咸,work_for
丹尼尔·詹姆斯,前锋,play_the_role_of
丹尼尔·詹姆斯,威尔士,come_from
罗伯特·桑切斯,布莱顿,work_for
罗伯特·桑切斯,门将,play_the_role_of
罗伯特·桑切斯,西班牙,come_from
大卫·拉亚,布伦特福德,work_for
大卫·拉亚,门将,play_the_role_of
大卫·拉亚,西班牙,come_from
乌奈·西蒙,毕尔包,work_for
乌奈·西蒙,门将,play_the_role_of
乌奈·西蒙,西班牙,come_from
阿斯皮利奎塔,车路士,work_for
阿斯皮利奎塔,右后卫,play_the_role_of
阿斯皮利奎塔,西班牙,come_from
加西亚,巴塞隆拿,work_for
加西亚,中后卫,play_the_role_of
加西亚,西班牙,come_from
保·托雷斯,比利亚雷阿尔,work_for
保·托雷斯,中后卫,play_the_role_of
保·托雷斯,西班牙,come_from
亚历杭德罗·巴尔德,巴塞隆拿,work_for
亚历杭德罗·巴尔德,左后卫,play_the_role_of
亚历杭德罗·巴尔德,西班牙,come_from
雨果·吉拉蒙,瓦伦西亚,work_for
雨果·吉拉蒙,中后卫,play_the_role_of
雨果·吉拉蒙,西班牙,come_from
阿尔巴,巴塞隆拿,work_for
阿尔巴,左后卫,play_the_role_of
阿尔巴,西班牙,come_from
丹尼尔·卡瓦哈尔,皇家马德里,work_for
丹尼尔·卡瓦哈尔,右后卫,play_the_role_of
丹尼尔·卡瓦哈尔,西班牙,come_from
拉波尔特,曼城,work_for
拉波尔特,中后卫,play_the_role_of
拉波尔特,西班牙,come_from
布斯克茨,巴塞隆拿,work_for
布斯克茨,防守中场,play_the_role_of
布斯克茨,西班牙,come_from
马科斯·略伦特,马德里竞技,work_for
马科斯·略伦特,中中场,play_the_role_of
马科斯·略伦特,西班牙,come_from
科克,马德里竞技,work_for
科克,中中场,play_the_role_of
科克,西班牙,come_from
加维,巴塞隆拿,work_for
加维,中中场,play_the_role_of
加维,西班牙,come_from
罗德里,曼城,work_for
罗德里,防守中场,play_the_role_of
罗德里,西班牙,come_from
索莱尔,巴黎圣日耳曼,work_for
索莱尔,中中场,play_the_role_of
索莱尔,西班牙,come_from
佩德里,巴塞隆拿,work_for
佩德里,攻击中场,play_the_role_of
佩德里,西班牙,come_from
阿尔瓦罗·莫拉塔,马德里竞技,work_for
阿尔瓦罗·莫拉塔,中锋,play_the_role_of
阿尔瓦罗·莫拉塔,西班牙,come_from
阿森西奥,皇家马德里,work_for
阿森西奥,前锋,play_the_role_of
阿森西奥,西班牙,come_from
费兰·托雷斯,巴塞隆拿,work_for
费兰·托雷斯,右翼,play_the_role_of
费兰·托雷斯,西班牙,come_from
尼科·威廉斯,毕尔包竞技,work_for
尼科·威廉斯,前锋,play_the_role_of
尼科·威廉斯,西班牙,come_from
耶雷米·皮诺,比利亚雷亚尔,work_for
耶雷米·皮诺,右翼,play_the_role_of
耶雷米·皮诺,西班牙,come_from
奥尔莫,莱比锡红牛,work_for
奥尔莫,右翼,play_the_role_of
奥尔莫,西班牙,come_from
萨拉维亚,巴黎圣日耳曼,work_for
萨拉维亚,前锋,play_the_role_of
萨拉维亚,西班牙,come_from
安苏·法蒂,巴塞隆拿,work_for
安苏·法蒂,左翼,play_the_role_of
安苏·法蒂,西班牙,come_from
马修·瑞恩,哥本哈根,work_for
马修·瑞恩,门将,play_the_role_of
马修·瑞恩,澳大利亚,come_from
丹尼·武科维奇,中岸水手,work_for
丹尼·武科维奇,门将,play_the_role_of
丹尼·武科维奇,澳大利亚,come_from
安德鲁·瑞德曼,悉尼FC,work_for
安德鲁·瑞德曼,门将,play_the_role_of
安德鲁·瑞德曼,澳大利亚,come_from
米洛斯·德格内克,哥伦布机员,work_for
米洛斯·德格内克,后卫,play_the_role_of
米洛斯·德格内克,澳大利亚,come_from
阿齐兹·贝希奇,登地联,work_for
阿齐兹·贝希奇,后卫,play_the_role_of
阿齐兹·贝希奇,澳大利亚,come_from
贝利·赖特,新特兰,work_for
贝利·赖特,后卫,play_the_role_of
贝利·赖特,澳大利亚,come_from
弗兰·卡拉契奇,布雷西亚,work_for
弗兰·卡拉契奇,后卫,play_the_role_of
弗兰·卡拉契奇,澳大利亚,come_from
哈里·苏塔尔,史笃城,work_for
哈里·苏塔尔,后卫,play_the_role_of
哈里·苏塔尔,澳大利亚,come_from
纳撒尼尔·阿特金森,赫斯,work_for
纳撒尼尔·阿特金森,后卫,play_the_role_of
纳撒尼尔·阿特金森,澳大利亚,come_from
乔尔·金,奥丹斯,work_for
乔尔·金,后卫,play_the_role_of
乔尔·金,澳大利亚,come_from
凯·罗莱斯,赫斯,work_for
凯·罗莱斯,后卫,play_the_role_of
凯·罗莱斯,澳大利亚,come_from
托马斯·邓,新潟天鹅,work_for
托马斯·邓,后卫,play_the_role_of
托马斯·邓,澳大利亚,come_from
阿隆·莫伊,些路迪,work_for
阿隆·莫伊,中场,play_the_role_of
阿隆·莫伊,澳大利亚,come_from
杰克逊·欧文,圣保利,work_for
杰克逊·欧文,中场,play_the_role_of
杰克逊·欧文,澳大利亚,come_from
艾迪尼·赫鲁斯蒂奇,维罗纳,work_for
艾迪尼·赫鲁斯蒂奇,中场,play_the_role_of
艾迪尼·赫鲁斯蒂奇,澳大利亚,come_from
赖利·麦格里,米杜士堡,work_for
赖利·麦格里,中场,play_the_role_of
赖利·麦格里,澳大利亚,come_from
基努·巴克斯,圣美伦,work_for
基努·巴克斯,中场,play_the_role_of
基努·巴克斯,澳大利亚,come_from
卡梅隆·德夫林,赫斯,work_for
卡梅隆·德夫林,中场,play_the_role_of
卡梅隆·德夫林,澳大利亚,come_from
马修·莱基,墨尔本城,work_for
马修·莱基,前锋,play_the_role_of
马修·莱基,澳大利亚,come_from
阿维·玛比,加的斯,work_for
阿维·玛比,前锋,play_the_role_of
阿维·玛比,澳大利亚,come_from
杰米·麦克拉伦,墨尔本城,work_for
杰米·麦克拉伦,前锋,play_the_role_of
杰米·麦克拉伦,澳大利亚,come_from
米歇尔·杜基,冈山绿雉,work_for
米歇尔·杜基,前锋,play_the_role_of
米歇尔·杜基,澳大利亚,come_from
马丁·博伊尔,喜百年,work_for
马丁·博伊尔,前锋,play_the_role_of
马丁·博伊尔,澳大利亚,come_from
奇治·葛云,阿德莱德联,work_for
奇治·葛云,前锋,play_the_role_of
奇治·葛云,澳大利亚,come_from
杰森·库明斯,中岸水手,work_for
杰森·库明斯,前锋,play_the_role_of
杰森·库明斯,澳大利亚,come_from
加朗·库尔,中岸水手,work_for
加朗·库尔,前锋,play_the_role_of
加朗·库尔,澳大利亚,come_from
阿利森·贝克尔,利物浦,work_for
阿利森·贝克尔,门将,play_the_role_of
阿利森·贝克尔,巴西,come_from
维弗顿·达席尔瓦,彭美拉斯,work_for
维弗顿·达席尔瓦,门将,play_the_role_of
维弗顿·达席尔瓦,巴西,come_from
埃德森·莫赖斯,曼城,work_for
埃德森·莫赖斯,门将,play_the_role_of
埃德森·莫赖斯,巴西,come_from
达尼洛·路易斯,祖云达斯,work_for
达尼洛·路易斯,后卫,play_the_role_of
达尼洛·路易斯,巴西,come_from
蒂亚戈·席尔瓦,切尔西,work_for
蒂亚戈·席尔瓦,后卫,play_the_role_of
蒂亚戈·席尔瓦,巴西,come_from
马金尼奥斯·科雷亚,巴黎圣日耳曼,work_for
马金尼奥斯·科雷亚,后卫,play_the_role_of
马金尼奥斯·科雷亚,巴西,come_from
艾力克斯·桑德罗,祖云达斯,work_for
艾力克斯·桑德罗,后卫,play_the_role_of
艾力克斯·桑德罗,巴西,come_from
丹尼尔·阿尔维斯,普马斯,work_for
丹尼尔·阿尔维斯,后卫,play_the_role_of
丹尼尔·阿尔维斯,巴西,come_from
埃德尔·米利唐,皇家马德里,work_for
埃德尔·米利唐,后卫,play_the_role_of
埃德尔·米利唐,巴西,come_from
阿莱克斯·特莱斯,西维尔,work_for
阿莱克斯·特莱斯,后卫,play_the_role_of
阿莱克斯·特莱斯,巴西,come_from
格雷森·布雷默,祖云达斯,work_for
格雷森·布雷默,后卫,play_the_role_of
格雷森·布雷默,巴西,come_from
卡洛斯·卡塞米罗,曼联,work_for
卡洛斯·卡塞米罗,中场,play_the_role_of
卡洛斯·卡塞米罗,巴西,come_from
卢卡斯·帕克塔,韦斯咸,work_for
卢卡斯·帕克塔,中场,play_the_role_of
卢卡斯·帕克塔,巴西,come_from
弗雷德·罗德里格斯,曼联,work_for
弗雷德·罗德里格斯,中场,play_the_role_of
弗雷德·罗德里格斯,巴西,come_from
法比尼奥·塔瓦雷斯,利物浦,work_for
法比尼奥·塔瓦雷斯,中场,play_the_role_of
法比尼奥·塔瓦雷斯,巴西,come_from
布鲁诺·吉马良斯,纽卡素,work_for
布鲁诺·吉马良斯,中场,play_the_role_of
布鲁诺·吉马良斯,巴西,come_from
埃韦顿·里贝罗,法林明高,work_for
埃韦顿·里贝罗,中场,play_the_role_of
埃韦顿·里贝罗,巴西,come_from
里沙利松·安德雷德,热刺,work_for
里沙利松·安德雷德,前锋,play_the_role_of
里沙利松·安德雷德,巴西,come_from
内马尔·儒尼奥尔,巴黎圣日耳曼,work_for
内马尔·儒尼奥尔,前锋,play_the_role_of
内马尔·儒尼奥尔,巴西,come_from
拉菲尼亚·贝洛利,巴塞罗那,work_for
拉菲尼亚·贝洛利,前锋,play_the_role_of
拉菲尼亚·贝洛利,巴西,come_from
加布里埃尔·热苏斯,阿仙奴,work_for
加布里埃尔·热苏斯,前锋,play_the_role_of
加布里埃尔·热苏斯,巴西,come_from
安东尼·马特乌斯,曼联,work_for
安东尼·马特乌斯,前锋,play_the_role_of
安东尼·马特乌斯,巴西,come_from
维尼修斯·儒尼奥尔,皇家马德里,work_for
维尼修斯·儒尼奥尔,前锋,play_the_role_of
维尼修斯·儒尼奥尔,巴西,come_from
罗德里戈·戈埃斯,皇家马德里,work_for
罗德里戈·戈埃斯,前锋,play_the_role_of
罗德里戈·戈埃斯,巴西,come_from
佩德罗·古伊列梅,法林明高,work_for
佩德罗·古伊列梅,前锋,play_the_role_of
佩德罗·古伊列梅,巴西,come_from
加布里埃尔·马丁内利,阿仙奴,work_for
加布里埃尔·马丁内利,前锋,play_the_role_of
加布里埃尔·马丁内利,巴西,come_from
扬·索莫,门兴,work_for
扬·索莫,门将,play_the_role_of
扬·索莫,瑞士,come_from
约纳斯·奥米林,蒙彼利埃,work_for
约纳斯·奥米林,门将,play_the_role_of
约纳斯·奥米林,瑞士,come_from
格雷戈·科贝尔,多特蒙德,work_for
格雷戈·科贝尔,门将,play_the_role_of
格雷戈·科贝尔,瑞士,come_from
菲利普·科恩,萨尔斯堡红牛,work_for
菲利普·科恩,门将,play_the_role_of
菲利普·科恩,瑞士,come_from
里卡多·罗德里格斯,拖连奴,work_for
里卡多·罗德里格斯,后卫,play_the_role_of
里卡多·罗德里格斯,瑞士,come_from
法比安·沙尔,纽卡素,work_for
法比安·沙尔,后卫,play_the_role_of
法比安·沙尔,瑞士,come_from
曼努埃尔·阿坎吉,曼城,work_for
曼努埃尔·阿坎吉,后卫,play_the_role_of
曼努埃尔·阿坎吉,瑞士,come_from
尼科·埃尔韦迪,门兴,work_for
尼科·埃尔韦迪,后卫,play_the_role_of
尼科·埃尔韦迪,瑞士,come_from
席尔万·维德梅尔,美因茨05,work_for
席尔万·维德梅尔,后卫,play_the_role_of
席尔万·维德梅尔,瑞士,come_from
埃雷·库马特,巴伦西亚,work_for
埃雷·库马特,后卫,play_the_role_of
埃雷·库马特,瑞士,come_from
杰尔丹·沙奇里,芝加哥火焰,work_for
杰尔丹·沙奇里,中场,play_the_role_of
杰尔丹·沙奇里,瑞士,come_from
格兰尼特·扎卡,阿仙奴,work_for
格兰尼特·扎卡,中场,play_the_role_of
格兰尼特·扎卡,瑞士,come_from
雷莫·弗罗伊勒,诺丁汉森林,work_for
雷莫·弗罗伊勒,中场,play_the_role_of
雷莫·弗罗伊勒,瑞士,come_from
扎卡里亚,切尔西,work_for
扎卡里亚,中场,play_the_role_of
扎卡里亚,瑞士,come_from
贾布里勒·索乌,法兰克福,work_for
贾布里勒·索乌,中场,play_the_role_of
贾布里勒·索乌,瑞士,come_from
雷纳托·斯特芬,卢加诺,work_for
雷纳托·斯特芬,中场,play_the_role_of
雷纳托·斯特芬,瑞士,come_from
埃迪米尔森·费尔南德斯,美因茨05,work_for
埃迪米尔森·费尔南德斯,中场,play_the_role_of
埃迪米尔森·费尔南德斯,瑞士,come_from
法比安·弗雷,巴素利,work_for
法比安·弗雷,中场,play_the_role_of
法比安·弗雷,瑞士,come_from
米歇尔·艾比舍尔,博洛尼亚,work_for
米歇尔·艾比舍尔,中场,play_the_role_of
米歇尔·艾比舍尔,瑞士,come_from
阿东·贾沙里,卢塞恩,work_for
阿东·贾沙里,中场,play_the_role_of
阿东·贾沙里,瑞士,come_from
法比安·里德,年青人,work_for
法比安·里德,中场,play_the_role_of
法比安·里德,瑞士,come_from
哈里斯·舍费洛维奇,加拉塔萨雷,work_for
哈里斯·舍费洛维奇,前锋,play_the_role_of
哈里斯·舍费洛维奇,瑞士,come_from
布雷尔·恩博洛,摩纳哥,work_for
布雷尔·恩博洛,前锋,play_the_role_of
布雷尔·恩博洛,瑞士,come_from
鲁本·巴尔加斯,奥格斯堡,work_for
鲁本·巴尔加斯,前锋,play_the_role_of
鲁本·巴尔加斯,瑞士,come_from
克里斯蒂安·法斯纳赫特,年青人,work_for
克里斯蒂安·法斯纳赫特,前锋,play_the_role_of
克里斯蒂安·法斯纳赫特,瑞士,come_from
诺亚·奥卡福尔,萨尔斯堡红牛,work_for
诺亚·奥卡福尔,前锋,play_the_role_of
诺亚·奥卡福尔,瑞士,come_from
亚西恩·博诺,塞维利亚,work_for
亚西恩·博诺,门将,play_the_role_of
亚西恩·博诺,摩洛哥,come_from
穆尼尔·莫哈麦迪,瓦赫达麦加,work_for
穆尼尔·莫哈麦迪,门将,play_the_role_of
穆尼尔·莫哈麦迪,摩洛哥,come_from
阿哈迈德·雷达·塔纳乌蒂,挚爱体育会,work_for
阿哈迈德·雷达·塔纳乌蒂,门将,play_the_role_of
阿哈迈德·雷达·塔纳乌蒂,摩洛哥,come_from
阿什拉夫·哈基米,巴黎圣日耳曼,work_for
阿什拉夫·哈基米,后卫,play_the_role_of
阿什拉夫·哈基米,摩洛哥,come_from
纳赛尔·马兹拉维,拜仁慕尼黑,work_for
纳赛尔·马兹拉维,后卫,play_the_role_of
纳赛尔·马兹拉维,摩洛哥,come_from
纳耶夫·阿格尔德,西汉姆联,work_for
纳耶夫·阿格尔德,后卫,play_the_role_of
纳耶夫·阿格尔德,摩洛哥,come_from
罗曼·塞斯,贝西克塔什,work_for
罗曼·塞斯,后卫,play_the_role_of
罗曼·塞斯,摩洛哥,come_from
贾瓦德·艾尔·亚米格,巴利亚多利德,work_for
贾瓦德·艾尔·亚米格,后卫,play_the_role_of
贾瓦德·艾尔·亚米格,摩洛哥,come_from
阿赫拉夫·达里,布雷斯特,work_for
阿赫拉夫·达里,后卫,play_the_role_of
阿赫拉夫·达里,摩洛哥,come_from
巴德尔·贝农,卡塔尔竞技,work_for
巴德尔·贝农,后卫,play_the_role_of
巴德尔·贝农,摩洛哥,come_from
叶海亚·阿拉,挚爱体育会,work_for
叶海亚·阿拉,后卫,play_the_role_of
叶海亚·阿拉,摩洛哥,come_from
索菲扬·阿姆拉巴特,佛罗伦萨,work_for
索菲扬·阿姆拉巴特,中场,play_the_role_of
索菲扬·阿姆拉巴特,摩洛哥,come_from
哈基姆·薛耶治,切尔西,work_for
哈基姆·薛耶治,中场,play_the_role_of
哈基姆·薛耶治,摩洛哥,come_from
阿兹丁·欧纳希,昂热,work_for
阿兹丁·欧纳希,中场,play_the_role_of
阿兹丁·欧纳希,摩洛哥,come_from
阿卜杜勒哈米德·萨比里,桑普多利亚,work_for
阿卜杜勒哈米德·萨比里,中场,play_the_role_of
阿卜杜勒哈米德·萨比里,摩洛哥,come_from
伊利亚斯·切尔,女王公园巡游者,work_for
伊利亚斯·切尔,中场,play_the_role_of
伊利亚斯·切尔,摩洛哥,come_from
塞利姆·阿马拉,皇家标准列治,work_for
塞利姆·阿马拉,中场,play_the_role_of
塞利姆·阿马拉,摩洛哥,come_from
比拉尔·汉努斯,皇家亨克,work_for
比拉尔·汉努斯,中场,play_the_role_of
比拉尔·汉努斯,摩洛哥,come_from
叶海亚·贾布拉内,挚爱体育会,work_for
叶海亚·贾布拉内,中场,play_the_role_of
叶海亚·贾布拉内,摩洛哥,come_from
阿德拉扎克·哈姆达拉,伊蒂哈德,work_for
阿德拉扎克·哈姆达拉,前锋,play_the_role_of
阿德拉扎克·哈姆达拉,摩洛哥,come_from
阿纳斯·扎鲁里,伯恩利,work_for
阿纳斯·扎鲁里,前锋,play_the_role_of
阿纳斯·扎鲁里,摩洛哥,come_from
扎卡里亚·阿布赫拉尔,图卢兹,work_for
扎卡里亚·阿布赫拉尔,前锋,play_the_role_of
扎卡里亚·阿布赫拉尔,摩洛哥,come_from
阿卜杜萨马德·埃扎尔祖利,奥萨苏纳,work_for
阿卜杜萨马德·埃扎尔祖利,前锋,play_the_role_of
阿卜杜萨马德·埃扎尔祖利,摩洛哥,come_from
苏菲亚·保化尔,昂热,work_for
苏菲亚·保化尔,前锋,play_the_role_of
苏菲亚·保化尔,摩洛哥,come_from
优素福·恩尼斯里,塞维利亚,work_for
优素福·恩尼斯里,前锋,play_the_role_of
优素福·恩尼斯里,摩洛哥,come_from
瓦利德·谢迪拉,巴里,work_for
瓦利德·谢迪拉,前锋,play_the_role_of
瓦利德·谢迪拉,摩洛哥,come_from
阿尔马尼,河床,work_for
阿尔马尼,门将,play_the_role_of
阿尔马尼,阿根廷,come_from
赫罗尼莫·鲁利,维拉利尔,work_for
赫罗尼莫·鲁利,门将,play_the_role_of
赫罗尼莫·鲁利,阿根廷,come_from
埃米利亚诺·马丁内斯,阿士东维拉,work_for
埃米利亚诺·马丁内斯,门将,play_the_role_of
埃米利亚诺·马丁内斯,阿根廷,come_from
祖安·科夫,比利亚雷阿尔,work_for
祖安·科夫,右后卫,play_the_role_of
祖安·科夫,阿根廷,come_from
尼古拉斯·塔里亚菲科,里昂,work_for
尼古拉斯·塔里亚菲科,左后卫,play_the_role_of
尼古拉斯·塔里亚菲科,阿根廷,come_from
贡萨洛·蒙提尔,西维尔,work_for
贡萨洛·蒙提尔,右后卫,play_the_role_of
贡萨洛·蒙提尔,阿根廷,come_from
赫尔曼·佩泽利亚,皇家贝蒂斯,work_for
赫尔曼·佩泽利亚,中后卫,play_the_role_of
赫尔曼·佩泽利亚,阿根廷,come_from
马科斯·阿库尼亚,西维尔,work_for
马科斯·阿库尼亚,左后卫,play_the_role_of
马科斯·阿库尼亚,阿根廷,come_from
克里斯蒂安·罗梅罗,热刺,work_for
克里斯蒂安·罗梅罗,中后卫,play_the_role_of
克里斯蒂安·罗梅罗,阿根廷,come_from
尼古拉斯·奥塔门迪,宾菲加,work_for
尼古拉斯·奥塔门迪,中后卫,play_the_role_of
尼古拉斯·奥塔门迪,阿根廷,come_from
利桑德罗·马丁内斯,曼联,work_for
利桑德罗·马丁内斯,中后卫,play_the_role_of
利桑德罗·马丁内斯,阿根廷,come_from
纳维尔·莫利纳,马德里竞技,work_for
纳维尔·莫利纳,右后卫,play_the_role_of
纳维尔·莫利纳,阿根廷,come_from
莱昂德罗·帕雷德斯,尤文图斯,work_for
莱昂德罗·帕雷德斯,防守中场,play_the_role_of
莱昂德罗·帕雷德斯,阿根廷,come_from
罗德里戈·德保罗,马德里竞技,work_for
罗德里戈·德保罗,中中场,play_the_role_of
罗德里戈·德保罗,阿根廷,come_from
埃塞基耶尔·帕拉西奥斯,勒沃库森,work_for
埃塞基耶尔·帕拉西奥斯,中中场,play_the_role_of
埃塞基耶尔·帕拉西奥斯,阿根廷,come_from
蒂亚戈·阿尔马达,亚特兰大联,work_for
蒂亚戈·阿尔马达,攻击中场,play_the_role_of
蒂亚戈·阿尔马达,阿根廷,come_from
帕普·戈麦斯,西维尔,work_for
帕普·戈麦斯,攻击中场,play_the_role_of
帕普·戈麦斯,阿根廷,come_from
圭多·罗德里格斯,皇家贝蒂斯,work_for
圭多·罗德里格斯,防守中场,play_the_role_of
圭多·罗德里格斯,阿根廷,come_from
亚历克西斯·麦卡利斯特,布莱顿,work_for
亚历克西斯·麦卡利斯特,中中场,play_the_role_of
亚历克西斯·麦卡利斯特,阿根廷,come_from
恩佐·费尔南德斯,本菲卡,work_for
恩佐·费尔南德斯,中中场,play_the_role_of
恩佐·费尔南德斯,阿根廷,come_from
胡利安·阿尔瓦雷斯,曼城,work_for
胡利安·阿尔瓦雷斯,中锋,play_the_role_of
胡利安·阿尔瓦雷斯,阿根廷,come_from
利昂内尔·梅西,巴黎圣日尔曼,work_for
利昂内尔·梅西,辅锋,play_the_role_of
利昂内尔·梅西,阿根廷,come_from
迪马里亚,尤文图斯,work_for
迪马里亚,左翼,play_the_role_of
迪马里亚,阿根廷,come_from
安祖·科雷亚,马德里竞技,work_for
安祖·科雷亚,中锋,play_the_role_of
安祖·科雷亚,阿根廷,come_from
迪巴拉,罗马,work_for
迪巴拉,辅锋,play_the_role_of
迪巴拉,阿根廷,come_from
劳塔罗·马丁内斯,国际米兰,work_for
劳塔罗·马丁内斯,中锋,play_the_role_of
劳塔罗·马丁内斯,阿根廷,come_from
基罗·拿华斯,巴黎圣日耳门,work_for
基罗·拿华斯,门将,play_the_role_of
基罗·拿华斯,哥斯达黎加,come_from
埃斯特万·阿尔瓦拉多,希雷迪亚洛,work_for
埃斯特万·阿尔瓦拉多,门将,play_the_role_of
埃斯特万·阿尔瓦拉多,哥斯达黎加,come_from
帕特里克·塞凯拉,卢高,work_for
帕特里克·塞凯拉,门将,play_the_role_of
帕特里克·塞凯拉,哥斯达黎加,come_from
弗朗西斯科·卡尔沃,科尼亚,work_for
弗朗西斯科·卡尔沃,后卫,play_the_role_of
弗朗西斯科·卡尔沃,哥斯达黎加,come_from
布赖恩·奥维多,皇家盐湖城,work_for
布赖恩·奥维多,后卫,play_the_role_of
布赖恩·奥维多,哥斯达黎加,come_from
奥斯卡·杜阿尔特,艾华达,work_for
奥斯卡·杜阿尔特,后卫,play_the_role_of
奥斯卡·杜阿尔特,哥斯达黎加,come_from
肯德尔·沃斯顿,萨普里萨,work_for
肯德尔·沃斯顿,后卫,play_the_role_of
肯德尔·沃斯顿,哥斯达黎加,come_from
罗纳尔德·马塔里塔,辛辛那提FC,work_for
罗纳尔德·马塔里塔,后卫,play_the_role_of
罗纳尔德·马塔里塔,哥斯达黎加,come_from
基舒·富拿,希雷迪亚洛,work_for
基舒·富拿,后卫,play_the_role_of
基舒·富拿,哥斯达黎加,come_from
胡安·巴勃罗·巴尔加斯,百万富翁,work_for
胡安·巴勃罗·巴尔加斯,后卫,play_the_role_of
胡安·巴勃罗·巴尔加斯,哥斯达黎加,come_from
卡洛斯·马丁尼兹,圣卡洛斯,work_for
卡洛斯·马丁尼兹,后卫,play_the_role_of
卡洛斯·马丁尼兹,哥斯达黎加,come_from
塞尔索·博尔赫斯,阿拉祖兰斯,work_for
塞尔索·博尔赫斯,中场,play_the_role_of
塞尔索·博尔赫斯,哥斯达黎加,come_from
拜仁·雷斯,阿拉祖兰斯,work_for
拜仁·雷斯,中场,play_the_role_of
拜仁·雷斯,哥斯达黎加,come_from
叶利钦·特赫达,希雷迪亚洛,work_for
叶利钦·特赫达,中场,play_the_role_of
叶利钦·特赫达,哥斯达黎加,come_from
赫尔松·托雷斯,希雷迪亚洛,work_for
赫尔松·托雷斯,中场,play_the_role_of
赫尔松·托雷斯,哥斯达黎加,come_from
捷维逊·宾尼迪,新特兰,work_for
捷维逊·宾尼迪,中场,play_the_role_of
捷维逊·宾尼迪,哥斯达黎加,come_from
丹尼尔·查孔,科罗拉多急流二队,work_for
丹尼尔·查孔,中场,play_the_role_of
丹尼尔·查孔,哥斯达黎加,come_from
尤斯甸·沙拉斯,萨普里萨,work_for
尤斯甸·沙拉斯,中场,play_the_role_of
尤斯甸·沙拉斯,哥斯达黎加,come_from
罗安·威尔逊,格雷西亚,work_for
罗安·威尔逊,中场,play_the_role_of
罗安·威尔逊,哥斯达黎加,come_from
布兰东·阿吉莱拉,诺定咸森林,work_for
布兰东·阿吉莱拉,中场,play_the_role_of
布兰东·阿吉莱拉,哥斯达黎加,come_from
道格拉斯·洛佩斯,希雷迪亚洛,work_for
道格拉斯·洛佩斯,中场,play_the_role_of
道格拉斯·洛佩斯,哥斯达黎加,come_from
安东尼·埃尔南德斯,普塔雷纳斯,work_for
安东尼·埃尔南德斯,中场,play_the_role_of
安东尼·埃尔南德斯,哥斯达黎加,come_from
阿尔瓦罗·萨莫拉,萨普里萨,work_for
阿尔瓦罗·萨莫拉,中场,play_the_role_of
阿尔瓦罗·萨莫拉,哥斯达黎加,come_from
乔尔·坎贝尔,利昂,work_for
乔尔·坎贝尔,前锋,play_the_role_of
乔尔·坎贝尔,哥斯达黎加,come_from
约翰·贝内加斯,阿拉祖兰斯,work_for
约翰·贝内加斯,前锋,play_the_role_of
约翰·贝内加斯,哥斯达黎加,come_from
安东尼·孔特雷拉斯,希雷迪亚洛,work_for
安东尼·孔特雷拉斯,前锋,play_the_role_of
安东尼·孔特雷拉斯,哥斯达黎加,come_from
诺伊尔,拜仁慕尼黑,work_for
诺伊尔,门将,play_the_role_of
诺伊尔,德国,come_from
莱诺,富咸,work_for
莱诺,门将,play_the_role_of
莱诺,德国,come_from
特拉普,法兰克福,work_for
特拉普,门将,play_the_role_of
特拉普,德国,come_from
吕迪格,皇家马德里,work_for
吕迪格,后卫,play_the_role_of
吕迪格,德国,come_from
哈尔斯滕贝格,莱比锡RB,work_for
哈尔斯滕贝格,后卫,play_the_role_of
哈尔斯滕贝格,德国,come_from
金特尔,门兴格拉德巴赫,work_for
金特尔,后卫,play_the_role_of
金特尔,德国,come_from
胡梅尔斯,多特蒙德,work_for
胡梅尔斯,后卫,play_the_role_of
胡梅尔斯,德国,come_from
聚勒,多特蒙德,work_for
聚勒,后卫,play_the_role_of
聚勒,德国,come_from
克洛斯特曼,莱比锡RB,work_for
克洛斯特曼,后卫,play_the_role_of
克洛斯特曼,德国,come_from
戈森斯,国际米兰,work_for
戈森斯,后卫,play_the_role_of
戈森斯,德国,come_from
埃姆雷·詹,多特蒙德,work_for
埃姆雷·詹,后卫,play_the_role_of
埃姆雷·詹,德国,come_from
科赫,利兹联,work_for
科赫,后卫,play_the_role_of
科赫,德国,come_from
京特,弗赖堡,work_for
京特,后卫,play_the_role_of
京特,德国,come_from
基米希,拜仁慕尼黑,work_for
基米希,中场,play_the_role_of
基米希,德国,come_from
格纳布里,拜仁慕尼黑,work_for
格纳布里,中场,play_the_role_of
格纳布里,德国,come_from
霍夫曼,门兴格拉德巴赫,work_for
霍夫曼,中场,play_the_role_of
霍夫曼,德国,come_from
穆西亚拉,拜仁慕尼黑,work_for
穆西亚拉,中场,play_the_role_of
穆西亚拉,德国,come_from
诺伊豪斯,门兴格拉德巴赫,work_for
诺伊豪斯,中场,play_the_role_of
诺伊豪斯,德国,come_from
戈雷茨卡,拜仁慕尼黑,work_for
戈雷茨卡,中场,play_the_role_of
戈雷茨卡,德国,come_from
勒鲁瓦·萨内,拜仁慕尼黑,work_for
勒鲁瓦·萨内,中场,play_the_role_of
勒鲁瓦·萨内,德国,come_from
京多安,曼城,work_for
京多安,中场,play_the_role_of
京多安,德国,come_from
哈弗茨,切尔西,work_for
哈弗茨,前锋,play_the_role_of
哈弗茨,德国,come_from
福兰德,摩纳哥,work_for
福兰德,前锋,play_the_role_of
福兰德,德国,come_from
维尔纳,莱比锡RB,work_for
维尔纳,前锋,play_the_role_of
维尔纳,德国,come_from
托马斯·穆勒,拜仁慕尼黑,work_for
托马斯·穆勒,前锋,play_the_role_of
托马斯·穆勒,德国,come_from
扎克·史蒂芬,米德尔斯堡,work_for
扎克·史蒂芬,门将,play_the_role_of
扎克·史蒂芬,美国,come_from
伊森·霍瓦斯,卢顿,work_for
伊森·霍瓦斯,门将,play_the_role_of
伊森·霍瓦斯,美国,come_from
肖恩·约翰逊,纽约城,work_for
肖恩·约翰逊,门将,play_the_role_of
肖恩·约翰逊,美国,come_from
德安德烈·叶德林,国际迈阿密,work_for
德安德烈·叶德林,后卫,play_the_role_of
德安德烈·叶德林,美国,come_from
沃克·齐默尔曼,SC纳士维,work_for
沃克·齐默尔曼,后卫,play_the_role_of
沃克·齐默尔曼,美国,come_from
安东尼·鲁宾逊,富咸,work_for
安东尼·鲁宾逊,后卫,play_the_role_of
安东尼·鲁宾逊,美国,come_from
沙克·穆尔,特内里费,work_for
沙克·穆尔,后卫,play_the_role_of
沙克·穆尔,美国,come_from
迈尔斯·罗宾逊,阿特兰大联,work_for
迈尔斯·罗宾逊,后卫,play_the_role_of
迈尔斯·罗宾逊,美国,come_from
阿龙·朗,纽约红牛,work_for
阿龙·朗,后卫,play_the_role_of
阿龙·朗,美国,come_from
乔治·贝洛,比勒费尔德,work_for
乔治·贝洛,后卫,play_the_role_of
乔治·贝洛,美国,come_from
詹姆斯·桑兹,格拉斯哥流浪,work_for
詹姆斯·桑兹,后卫,play_the_role_of
詹姆斯·桑兹,美国,come_from
埃里克·帕尔默-布朗,特鲁瓦,work_for
埃里克·帕尔默-布朗,后卫,play_the_role_of
埃里克·帕尔默-布朗,美国,come_from
雷吉·坎农,博维斯塔,work_for
雷吉·坎农,后卫,play_the_role_of
雷吉·坎农,美国,come_from
泰勒·亚当斯,列斯联,work_for
泰勒·亚当斯,中场,play_the_role_of
泰勒·亚当斯,美国,come_from
尤努斯·穆萨,华伦西亚,work_for
尤努斯·穆萨,中场,play_the_role_of
尤努斯·穆萨,美国,come_from
克里斯琴·罗尔丹,西雅图海湾者,work_for
克里斯琴·罗尔丹,中场,play_the_role_of
克里斯琴·罗尔丹,美国,come_from
卢卡·德拉托雷,荷华高斯,work_for
卢卡·德拉托雷,中场,play_the_role_of
卢卡·德拉托雷,美国,come_from
凯林·阿科斯塔,FC洛杉矶,work_for
凯林·阿科斯塔,中场,play_the_role_of
凯林·阿科斯塔,美国,come_from
詹卢卡·布西奥,威尼斯,work_for
詹卢卡·布西奥,中场,play_the_role_of
詹卢卡·布西奥,美国,come_from
里卡多·佩皮,奥格斯堡,work_for
里卡多·佩皮,前锋,play_the_role_of
里卡多·佩皮,美国,come_from
克里斯蒂安·普利西奇,切尔西,work_for
克里斯蒂安·普利西奇,前锋,play_the_role_of
克里斯蒂安·普利西奇,美国,come_from
乔瓦尼·雷纳,多特蒙德,work_for
乔瓦尼·雷纳,前锋,play_the_role_of
乔瓦尼·雷纳,美国,come_from
乔丹·莫里斯,西雅图海湾者,work_for
乔丹·莫里斯,前锋,play_the_role_of
乔丹·莫里斯,美国,come_from
蒂奥森·希巴切乌,年青人,work_for
蒂奥森·希巴切乌,前锋,play_the_role_of
蒂奥森·希巴切乌,美国,come_from
赫苏斯·费雷拉,FC达拉斯,work_for
赫苏斯·费雷拉,前锋,play_the_role_of
赫苏斯·费雷拉,美国,come_from
蒂莫西·维阿,里尔,work_for
蒂莫西·维阿,前锋,play_the_role_of
蒂莫西·维阿,美国,come_from
保罗·阿里奥拉,FC达拉斯,work_for
保罗·阿里奥拉,前锋,play_the_role_of
保罗·阿里奥拉,美国,come_from
萨德·谢布,萨德,work_for
萨德·谢布,门将,play_the_role_of
萨德·谢布,卡塔尔,come_from
尤瑟夫·哈桑,加拉法,work_for
尤瑟夫·哈桑,门将,play_the_role_of
尤瑟夫·哈桑,卡塔尔,come_from
马沙尔·埃萨·巴尔沙姆,萨德,work_for
马沙尔·埃萨·巴尔沙姆,门将,play_the_role_of
马沙尔·埃萨·巴尔沙姆,卡塔尔,come_from
罗罗,萨德,work_for
罗罗,后卫,play_the_role_of
罗罗,卡塔尔,come_from
阿卜杜勒卡里姆·哈桑,萨德,work_for
阿卜杜勒卡里姆·哈桑,后卫,play_the_role_of
阿卜杜勒卡里姆·哈桑,卡塔尔,come_from
穆罕默德·瓦德,萨德,work_for
穆罕默德·瓦德,后卫,play_the_role_of
穆罕默德·瓦德,卡塔尔,come_from
塔里克·萨勒曼,萨德,work_for
塔里克·萨勒曼,后卫,play_the_role_of
塔里克·萨勒曼,卡塔尔,come_from
穆萨卜·哈德尔,萨德,work_for
穆萨卜·哈德尔,后卫,play_the_role_of
穆萨卜·哈德尔,卡塔尔,come_from
霍曼·艾哈迈德,加拉法,work_for
霍曼·艾哈迈德,后卫,play_the_role_of
霍曼·艾哈迈德,卡塔尔,come_from
巴萨姆·拉维,艾杜哈尼,work_for
巴萨姆·拉维,后卫,play_the_role_of
巴萨姆·拉维,卡塔尔,come_from
布阿莱姆·胡赫,萨德,work_for
布阿莱姆·胡赫,后卫,play_the_role_of
布阿莱姆·胡赫,卡塔尔,come_from
伊斯梅尔·穆罕默德,艾杜哈尼,work_for
伊斯梅尔·穆罕默德,后卫,play_the_role_of
伊斯梅尔·穆罕默德,卡塔尔,come_from
耶森·加巴,多哈艾阿拉比,work_for
耶森·加巴,后卫,play_the_role_of
耶森·加巴,卡塔尔,come_from
阿卜杜勒阿齐兹·哈特姆,赖扬,work_for
阿卜杜勒阿齐兹·哈特姆,中场,play_the_role_of
阿卜杜勒阿齐兹·哈特姆,卡塔尔,come_from
阿里·阿萨德,萨德,work_for
阿里·阿萨德,中场,play_the_role_of
阿里·阿萨德,卡塔尔,come_from
卡里姆·布迪亚夫,艾杜哈尼,work_for
卡里姆·布迪亚夫,中场,play_the_role_of
卡里姆·布迪亚夫,卡塔尔,come_from
塞勒姆·哈吉里,萨德,work_for
塞勒姆·哈吉里,中场,play_the_role_of
塞勒姆·哈吉里,卡塔尔,come_from
艾森·马迪保,艾杜哈尼,work_for
艾森·马迪保,中场,play_the_role_of
艾森·马迪保,卡塔尔,come_from
纳耶夫·艾哈特克美,赖扬,work_for
纳耶夫·艾哈特克美,中场,play_the_role_of
纳耶夫·艾哈特克美,卡塔尔,come_from
穆斯塔法·美沙艾,萨德,work_for
穆斯塔法·美沙艾,中场,play_the_role_of
穆斯塔法·美沙艾,卡塔尔,come_from
艾哈迈德·阿拉尔丁,加拉法体,work_for
艾哈迈德·阿拉尔丁,前锋,play_the_role_of
艾哈迈德·阿拉尔丁,卡塔尔,come_from
穆罕默德·蒙塔里,艾杜哈尼,work_for
穆罕默德·蒙塔里,前锋,play_the_role_of
穆罕默德·蒙塔里,卡塔尔,come_from
哈桑·海多斯,萨德,work_for
哈桑·海多斯,前锋,play_the_role_of
哈桑·海多斯,卡塔尔,come_from
阿克拉姆·阿菲夫,萨德,work_for
阿克拉姆·阿菲夫,前锋,play_the_role_of
阿克拉姆·阿菲夫,卡塔尔,come_from
哈立德·穆尼尔,艾华卡拉,work_for
哈立德·穆尼尔,前锋,play_the_role_of
哈立德·穆尼尔,卡塔尔,come_from
阿尔莫埃斯·阿里,艾杜哈尼,work_for
阿尔莫埃斯·阿里,前锋,play_the_role_of
阿尔莫埃斯·阿里,卡塔尔,come_from
泰拔·高图尔斯,皇家马德里,work_for
泰拔·高图尔斯,门将,play_the_role_of
泰拔·高图尔斯,比利时,come_from
西蒙·米尼奥莱,布鲁日,work_for
西蒙·米尼奥莱,门将,play_the_role_of
西蒙·米尼奥莱,比利时,come_from
科恩·卡斯蒂尔斯,禾夫斯堡,work_for
科恩·卡斯蒂尔斯,门将,play_the_role_of
科恩·卡斯蒂尔斯,比利时,come_from
托比·阿尔德韦雷尔德,安特卫普,work_for
托比·阿尔德韦雷尔德,后卫,play_the_role_of
托比·阿尔德韦雷尔德,比利时,come_from
亚瑟·泰特,雷恩,work_for
亚瑟·泰特,后卫,play_the_role_of
亚瑟·泰特,比利时,come_from
沃特·法埃斯,李斯特城,work_for
沃特·法埃斯,后卫,play_the_role_of
沃特·法埃斯,比利时,come_from
扬·费尔通亨,安德列治,work_for
扬·费尔通亨,后卫,play_the_role_of
扬·费尔通亨,比利时,come_from
托马斯·默尼耶,多蒙特,work_for
托马斯·默尼耶,后卫,play_the_role_of
托马斯·默尼耶,比利时,come_from
提摩太·卡斯泰尼,李斯特城,work_for
提摩太·卡斯泰尼,后卫,play_the_role_of
提摩太·卡斯泰尼,比利时,come_from
泽诺·德巴斯特,安德列治,work_for
泽诺·德巴斯特,后卫,play_the_role_of
泽诺·德巴斯特,比利时,come_from
阿克塞尔·维特塞尔,马德里体育会,work_for
阿克塞尔·维特塞尔,中场,play_the_role_of
阿克塞尔·维特塞尔,比利时,come_from
奇云·迪布尼,曼城,work_for
奇云·迪布尼,中场,play_the_role_of
奇云·迪布尼,比利时,come_from
尤里·泰利文斯,李斯特城,work_for
尤里·泰利文斯,中场,play_the_role_of
尤里·泰利文斯,比利时,come_from
扬尼克·费雷拉·卡拉斯科,马德里体育会,work_for
扬尼克·费雷拉·卡拉斯科,中场,play_the_role_of
扬尼克·费雷拉·卡拉斯科,比利时,come_from
阿马杜·奥纳纳,爱华顿,work_for
阿马杜·奥纳纳,中场,play_the_role_of
阿马杜·奥纳纳,比利时,come_from
林德·登东科尔,阿士东维拉,work_for
林德·登东科尔,中场,play_the_role_of
林德·登东科尔,比利时,come_from
汉斯·范内肯,布鲁日,work_for
汉斯·范内肯,中场,play_the_role_of
汉斯·范内肯,比利时,come_from
查尔斯·德凯特莱尔,AC米兰,work_for
查尔斯·德凯特莱尔,中场,play_the_role_of
查尔斯·德凯特莱尔,比利时,come_from
罗美路·卢卡古,国际米兰,work_for
罗美路·卢卡古,前锋,play_the_role_of
罗美路·卢卡古,比利时,come_from
伊登·夏萨特,皇家马德里,work_for
伊登·夏萨特,前锋,play_the_role_of
伊登·夏萨特,比利时,come_from
德赖斯·梅滕斯,加拉塔萨雷,work_for
德赖斯·梅滕斯,前锋,play_the_role_of
德赖斯·梅滕斯,比利时,come_from
托尔冈·阿扎尔,多蒙特,work_for
托尔冈·阿扎尔,前锋,play_the_role_of
托尔冈·阿扎尔,比利时,come_from
莱昂德罗·特罗萨德,白礼顿,work_for
莱昂德罗·特罗萨德,前锋,play_the_role_of
莱昂德罗·特罗萨德,比利时,come_from
米查·巴舒亚伊,费内巴切,work_for
米查·巴舒亚伊,前锋,play_the_role_of
米查·巴舒亚伊,比利时,come_from
罗伊斯·奥彭达,朗斯,work_for
罗伊斯·奥彭达,前锋,play_the_role_of
罗伊斯·奥彭达,比利时,come_from
杰里米·多库,雷恩,work_for
杰里米·多库,前锋,play_the_role_of
杰里米·多库,比利时,come_from
利瓦科维奇,萨格勒布迪纳摩,work_for
利瓦科维奇,门将,play_the_role_of
利瓦科维奇,克罗地亚,come_from
伊沃·格比奇,里尔,work_for
伊沃·格比奇,门将,play_the_role_of
伊沃·格比奇,克罗地亚,come_from
伊维察·伊武希奇,奥斯积克,work_for
伊维察·伊武希奇,门将,play_the_role_of
伊维察·伊武希奇,克罗地亚,come_from
米莱·什科里奇,奥斯积克,work_for
米莱·什科里奇,后卫,play_the_role_of
米莱·什科里奇,克罗地亚,come_from
巴里西奇,格拉斯哥流浪,work_for
巴里西奇,后卫,play_the_role_of
巴里西奇,克罗地亚,come_from
查莱塔-卡尔,马赛,work_for
查莱塔-卡尔,后卫,play_the_role_of
查莱塔-卡尔,克罗地亚,come_from
洛夫伦,泽尼特,work_for
洛夫伦,后卫,play_the_role_of
洛夫伦,克罗地亚,come_from
博尔纳·索萨,斯图加特,work_for
博尔纳·索萨,后卫,play_the_role_of
博尔纳·索萨,克罗地亚,come_from
格瓦迪奥尔,莱比锡,work_for
格瓦迪奥尔,后卫,play_the_role_of
格瓦迪奥尔,克罗地亚,come_from
维达,贝西克塔什,work_for
维达,后卫,play_the_role_of
维达,克罗地亚,come_from
尤拉诺维奇,些路迪,work_for
尤拉诺维奇,后卫,play_the_role_of
尤拉诺维奇,克罗地亚,come_from
约瑟普·舒塔洛,萨格勒布迪纳摩,work_for
约瑟普·舒塔洛,后卫,play_the_role_of
约瑟普·舒塔洛,克罗地亚,come_from
尼古拉·莫罗,莫斯科戴拿模,work_for
尼古拉·莫罗,中场,play_the_role_of
尼古拉·莫罗,克罗地亚,come_from
科瓦西奇,切尔西,work_for
科瓦西奇,中场,play_the_role_of
科瓦西奇,克罗地亚,come_from
莫德里奇,皇家马德里,work_for
莫德里奇,中场,play_the_role_of
莫德里奇,克罗地亚,come_from
洛夫罗·马耶尔,雷恩,work_for
洛夫罗·马耶尔,中场,play_the_role_of
洛夫罗·马耶尔,克罗地亚,come_from
柏拉西奇,西汉姆联,work_for
柏拉西奇,中场,play_the_role_of
柏拉西奇,克罗地亚,come_from
帕萨利奇,亚特兰大,work_for
帕萨利奇,中场,play_the_role_of
帕萨利奇,克罗地亚,come_from
卢卡·苏契奇,萨尔茨堡红牛,work_for
卢卡·苏契奇,中场,play_the_role_of
卢卡·苏契奇,克罗地亚,come_from
克里斯蒂扬·亚基奇,法兰克福,work_for
克里斯蒂扬·亚基奇,中场,play_the_role_of
克里斯蒂扬·亚基奇,克罗地亚,come_from
佩里希奇,国际米兰,work_for
佩里希奇,前锋,play_the_role_of
佩里希奇,克罗地亚,come_from
克拉马里奇,霍芬海姆,work_for
克拉马里奇,前锋,play_the_role_of
克拉马里奇,克罗地亚,come_from
马尔科·利瓦贾,哈伊杜克,work_for
马尔科·利瓦贾,前锋,play_the_role_of
马尔科·利瓦贾,克罗地亚,come_from
布鲁诺·佩特科维奇,萨格勒布迪纳摩,work_for
布鲁诺·佩特科维奇,前锋,play_the_role_of
布鲁诺·佩特科维奇,克罗地亚,come_from
安特·布迪米尔,奥沙辛拿,work_for
安特·布迪米尔,前锋,play_the_role_of
安特·布迪米尔,克罗地亚,come_from
奥里奇,萨格勒布迪纳摩,work_for
奥里奇,前锋,play_the_role_of
奥里奇,克罗地亚,come_from
穆罕默德·阿尔·鲁贝耶,沙特阿赫利,work_for
穆罕默德·阿尔·鲁贝耶,门将,play_the_role_of
穆罕默德·阿尔·鲁贝耶,沙乌地阿拉伯,come_from
穆罕默德·阿洛瓦伊斯,希拉尔,work_for
穆罕默德·阿洛瓦伊斯,门将,play_the_role_of
穆罕默德·阿洛瓦伊斯,沙乌地阿拉伯,come_from
纳瓦夫·阿奇迪,利雅得胜利,work_for
纳瓦夫·阿奇迪,门将,play_the_role_of
纳瓦夫·阿奇迪,沙乌地阿拉伯,come_from
苏丹·哈纳姆,利雅得胜利,work_for
苏丹·哈纳姆,后卫,play_the_role_of
苏丹·哈纳姆,沙乌地阿拉伯,come_from
阿卜杜拉·马杜,利雅得胜利,work_for
阿卜杜拉·马杜,后卫,play_the_role_of
阿卜杜拉·马杜,沙乌地阿拉伯,come_from
阿卜杜勒拉·阿尔-阿姆里,利雅得胜利,work_for
阿卜杜勒拉·阿尔-阿姆里,后卫,play_the_role_of
阿卜杜勒拉·阿尔-阿姆里,沙乌地阿拉伯,come_from
阿里·布莱希,希拉尔,work_for
阿里·布莱希,后卫,play_the_role_of
阿里·布莱希,沙乌地阿拉伯,come_from
穆罕默德·布莱克,希拉尔,work_for
穆罕默德·布莱克,后卫,play_the_role_of
穆罕默德·布莱克,沙乌地阿拉伯,come_from
沙特·阿卜杜勒哈米德,希拉尔,work_for
沙特·阿卜杜勒哈米德,后卫,play_the_role_of
沙特·阿卜杜勒哈米德,沙乌地阿拉伯,come_from
亚西尔·沙赫拉尼,希拉尔,work_for
亚西尔·沙赫拉尼,后卫,play_the_role_of
亚西尔·沙赫拉尼,沙乌地阿拉伯,come_from
哈桑·穆罕默德·坦巴克蒂,利雅得艾沙比,work_for
哈桑·穆罕默德·坦巴克蒂,后卫,play_the_role_of
哈桑·穆罕默德·坦巴克蒂,沙乌地阿拉伯,come_from
萨勒曼·法拉杰,希拉尔,work_for
萨勒曼·法拉杰,中场,play_the_role_of
萨勒曼·法拉杰,沙乌地阿拉伯,come_from
阿卜杜勒拉·马尔基,希拉尔,work_for
阿卜杜勒拉·马尔基,中场,play_the_role_of
阿卜杜勒拉·马尔基,沙乌地阿拉伯,come_from
阿卜杜拉·奥泰夫,希拉尔,work_for
阿卜杜拉·奥泰夫,中场,play_the_role_of
阿卜杜拉·奥泰夫,沙乌地阿拉伯,come_from
阿里·哈桑,利雅得胜利,work_for
阿里·哈桑,中场,play_the_role_of
阿里·哈桑,沙乌地阿拉伯,come_from
萨米·阿尔-纳杰,利雅得胜利,work_for
萨米·阿尔-纳杰,中场,play_the_role_of
萨米·阿尔-纳杰,沙乌地阿拉伯,come_from
纳瓦夫·阿尔阿贝德,利雅得艾沙比,work_for
纳瓦夫·阿尔阿贝德,中场,play_the_role_of
纳瓦夫·阿尔阿贝德,沙乌地阿拉伯,come_from
穆罕默德·卡努,希拉尔,work_for
穆罕默德·卡努,中场,play_the_role_of
穆罕默德·卡努,沙乌地阿拉伯,come_from
纳赛尔·多萨里,希拉尔,work_for
纳赛尔·多萨里,中场,play_the_role_of
纳赛尔·多萨里,沙乌地阿拉伯,come_from
利雅德·沙拉希利,艾伯哈,work_for
利雅德·沙拉希利,中场,play_the_role_of
利雅德·沙拉希利,沙乌地阿拉伯,come_from
费拉斯·布拉伊坎,艾法特,work_for
费拉斯·布拉伊坎,前锋,play_the_role_of
费拉斯·布拉伊坎,沙乌地阿拉伯,come_from
萨利姆·多萨里,希拉尔,work_for
萨利姆·多萨里,前锋,play_the_role_of
萨利姆·多萨里,沙乌地阿拉伯,come_from
萨利赫·谢赫里,希拉尔,work_for
萨利赫·谢赫里,前锋,play_the_role_of
萨利赫·谢赫里,沙乌地阿拉伯,come_from
哈坦·巴赫布里,利雅得艾沙比,work_for
哈坦·巴赫布里,前锋,play_the_role_of
哈坦·巴赫布里,沙乌地阿拉伯,come_from
阿卜杜拉赫曼·阿尔-阿布德,伊蒂哈德,work_for
阿卜杜拉赫曼·阿尔-阿布德,前锋,play_the_role_of
阿卜杜拉赫曼·阿尔-阿布德,沙乌地阿拉伯,come_from
海赛姆·阿西里,沙特阿赫利,work_for
海赛姆·阿西里,前锋,play_the_role_of
海赛姆·阿西里,沙乌地阿拉伯,come_from
